"","time","close","high","low","open","volumefrom","volumeto"
"1",2017-12-25 17:57:00,2034500,2039750,2034206,2037970,111.497574,227042160
"2",2017-12-25 17:58:00,2037124,2039750,2034210,2035000,50.363464,102592920
"3",2017-12-25 17:59:00,2034000,2034125,2024699,2028123,47.420395,96289410
"4",2017-12-25 18:00:00,2029000,2034500,2026300,2030600,94.50662,191767180
"5",2017-12-25 18:01:00,2030600,2034000,2027800,2032450,31.929207,64857584
"6",2017-12-25 18:02:00,2032799,2036000,2032211,2035000,73.23984,148977950
"7",2017-12-25 18:03:00,2035000,2036000,2027800,2030467,46.92648,95398730
"8",2017-12-25 18:04:00,2030001,2030999,2028160,2028182,17.34294,35190624
"9",2017-12-25 18:05:00,2028694,2031360,2028334,2028850,34.877323,70799500
"10",2017-12-25 18:06:00,2028936,2033200,2028542,2031174,50.502354,102587990
"11",2017-12-25 18:07:00,2031347,2032359,2028444,2029001,36.51508,74128790
"12",2017-12-25 18:08:00,2029736,2029805,2023270,2024400,67.88927,137509340
"13",2017-12-25 18:09:00,2024400,2024400,2020821,2021279,54.85184,110908050
"14",2017-12-25 18:10:00,2021150,2022220,2017000,2017800,62.856853,126971784
"15",2017-12-25 18:11:00,2017523,2021649,2017000,2019825,39.55604,79874550
"16",2017-12-25 18:12:00,2019846,2021649,2018965,2021647,29.842724,60297650
"17",2017-12-25 18:13:00,2021152,2024150,2021152,2023890,22.360882,45239580
"18",2017-12-25 18:14:00,2023604,2024000,2020309,2022528,23.342796,47205504
"19",2017-12-25 18:15:00,2022566,2022566,2015500,2016000,35.10836,70841870
"20",2017-12-25 18:16:00,2017000,2019500,2015010,2016040,34.594475,69768580
"21",2017-12-25 18:17:00,2016000,2019975,2015300,2019191,30.204151,60921972
"22",2017-12-25 18:18:00,2019154,2023300,2019087,2021598,30.424164,61487404
"23",2017-12-25 18:19:00,2021476,2024000,2021003,2021979,20.300957,41054650
"24",2017-12-25 18:20:00,2021697,2023999,2021000,2023989,15.151768,30633852
"25",2017-12-25 18:21:00,2023988,2028997,2022912,2027997,47.053875,95378020
"26",2017-12-25 18:22:00,2028370,2028607,2023936,2027900,46.61087,94456910
"27",2017-12-25 18:23:00,2027870,2028000,2025000,2025016,33.04707,66961610
"28",2017-12-25 18:24:00,2025201,2028450,2025200,2028249,32.06102,64998084
"29",2017-12-25 18:25:00,2027564,2028069,2025524,2025809,21.051962,42681724
"30",2017-12-25 18:26:00,2025828,2028201,2025828,2028179,15.876847,32185292
"31",2017-12-25 18:27:00,2028022,2031713,2028022,2030907,59.930275,121662140
"32",2017-12-25 18:28:00,2030707,2032580,2028028,2029707,51.636314,104824110
"33",2017-12-25 18:29:00,2029497,2029707,2028001,2028500,18.88051,38306868
"34",2017-12-25 18:30:00,2028109,2028500,2022000,2022073,49.536697,100339710
"35",2017-12-25 18:31:00,2024000,2024000,2015609,2018360,44.79751,90478780
"36",2017-12-25 18:32:00,2018360,2018535,2011111,2011944,75.07463,151244240
"37",2017-12-25 18:33:00,2012045,2017050,2011000,2013668,57.4935,115707800
"38",2017-12-25 18:34:00,2013510,2014000,2002851,2007232,82.07769,164909700
"39",2017-12-25 18:35:00,2003125,2010000,2003125,2008555,44.599037,89516970
"40",2017-12-25 18:36:00,2006107,2012350,2005000,2010030,58.62502,117803960
"41",2017-12-25 18:37:00,2009998,2017699,2007656,2016990,68.30739,137495740
"42",2017-12-25 18:38:00,2014947,2018000,2014267,2017514,55.1808,111290840
"43",2017-12-25 18:39:00,2017146,2017676,2006067,2008996,59.296143,119319190
"44",2017-12-25 18:40:00,2009844,2015635,2008002,2012000,32.059166,64530670
"45",2017-12-25 18:41:00,2013715,2016446,2012000,2015925,14.448927,29111232
"46",2017-12-25 18:42:00,2015924,2016350,2010010,2014001,20.106657,40490880
"47",2017-12-25 18:43:00,2014532,2017297,2012661,2017297,24.798342,49964530
"48",2017-12-25 18:44:00,2016345,2017775,2013520,2015271,17.43851,35158820
"49",2017-12-25 18:45:00,2015998,2017420,2014001,2016600,21.6896,43734004
"50",2017-12-25 18:46:00,2016625,2017498,2013133,2016000,29.474241,59416212
"51",2017-12-25 18:47:00,2014800,2016000,2008002,2008002,30.58436,61511200
"52",2017-12-25 18:48:00,2009150,2011897,2008003,2011497,27.32416,54918944
"53",2017-12-25 18:49:00,2011497,2011497,2008002,2008002,25.125208,50472716
"54",2017-12-25 18:50:00,2008045,2011770,2008000,2010750,51.35781,103174360
"55",2017-12-25 18:51:00,2010750,2012001,2010002,2010002,21.244902,42723860
"56",2017-12-25 18:52:00,2010858,2011235,2006068,2007432,52.057415,104505336
"57",2017-12-25 18:53:00,2006983,2008000,2003650,2003650,37.47664,75161090
"58",2017-12-25 18:54:00,2004396,2009999,2003788,2008278,25.38253,50934796
"59",2017-12-25 18:55:00,2008278,2012750,2006666,2012750,36.665012,73690200
"60",2017-12-25 18:56:00,2011000,2016000,2010850,2011072,55.976456,112713950
"61",2017-12-25 18:57:00,2012000,2013333,2008427,2008643,26.018904,52327856
"62",2017-12-25 18:58:00,2008642,2011600,2006372,2007505,26.993732,54193704
"63",2017-12-25 18:59:00,2007505,2011253,2007500,2009502,27.662807,55585530
"64",2017-12-25 19:00:00,2009183,2010844,2008957,2008959,17.99545,36158896
"65",2017-12-25 19:01:00,2009238,2012000,2008001,2011999,48.877148,98313800
"66",2017-12-25 19:02:00,2011889,2015140,2010368,2014700,45.847446,92267190
"67",2017-12-25 19:03:00,2014000,2014699,2012000,2013942,32.93406,66307108
"68",2017-12-25 19:04:00,2013665,2014541,2012004,2013498,23.573542,47453030
"69",2017-12-25 19:05:00,2013000,2015000,2012623,2012896,18.23149,36722616
"70",2017-12-25 19:06:00,2013001,2013141,2009000,2009000,19.219898,38650116
"71",2017-12-25 19:07:00,2009000,2009711,2007000,2008520,29.497839,59224760
"72",2017-12-25 19:08:00,2008502,2013000,2007777,2009259,19.695154,39579200
"73",2017-12-25 19:09:00,2009546,2012700,2009546,2011999,15.163832,30500822
"74",2017-12-25 19:10:00,2011675,2011999,2008000,2008500,19.648586,39482920
"75",2017-12-25 19:11:00,2008133,2013999,2008000,2012001,35.142147,70676290
"76",2017-12-25 19:12:00,2012001,2012911,2011002,2011275,11.413363,22960144
"77",2017-12-25 19:13:00,2011275,2013320,2011004,2012111,13.708488,27584284
"78",2017-12-25 19:14:00,2012164,2015000,2011800,2014498,16.820745,33872824
"79",2017-12-25 19:15:00,2014003,2016550,2014000,2015904,42.892513,86430140
"80",2017-12-25 19:16:00,2016196,2016733,2011275,2013366,28.945253,58316988
"81",2017-12-25 19:17:00,2014274,2019601,2013501,2018998,47.80517,96412260
"82",2017-12-25 19:18:00,2019499,2020000,2014019,2017004,54.27113,109560430
"83",2017-12-25 19:19:00,2018019,2018895,2014020,2016000,28.904213,58289150
"84",2017-12-25 19:20:00,2016000,2017500,2014000,2015278,33.0474,66617068
"85",2017-12-25 19:21:00,2015849,2018000,2015256,2018000,28.402906,57277428
"86",2017-12-25 19:22:00,2017842,2023054,2017842,2023000,81.61231,164845460
"87",2017-12-25 19:23:00,2023333,2023333,2019000,2020659,37.917465,76646300
"88",2017-12-25 19:24:00,2020600,2022000,2018199,2018599,28.967594,58519036
"89",2017-12-25 19:25:00,2018599,2018938,2014801,2015701,23.023113,46435644
"90",2017-12-25 19:26:00,2015350,2016453,2011870,2011870,48.796967,98235176
"91",2017-12-25 19:27:00,2012200,2013299,2008601,2012000,49.89348,100313820
"92",2017-12-25 19:28:00,2011108,2020101,2010833,2016051,73.61812,148503070
"93",2017-12-25 19:29:00,2015050,2018232,2015011,2016000,24.60956,49611984
"94",2017-12-25 19:30:00,2016100,2019000,2015534,2017575,37.919147,76493064
"95",2017-12-25 19:31:00,2017984,2019300,2014000,2014002,23.785473,47967484
"96",2017-12-25 19:32:00,2014032,2017000,2014000,2014168,37.850986,76282590
"97",2017-12-25 19:33:00,2014486,2017500,2014002,2016057,18.042738,36359176
"98",2017-12-25 19:34:00,2016087,2018741,2015243,2015310,34.712494,70020040
"99",2017-12-25 19:35:00,2015000,2015437,2011000,2014680,25.501942,51360588
"100",2017-12-25 19:36:00,2014410,2019226,2013693,2017822,17.074001,34444252
"101",2017-12-25 19:37:00,2017888,2019100,2012665,2013705,27.169067,54736856
"102",2017-12-25 19:38:00,2013686,2015466,2010500,2010500,28.114365,56598596
"103",2017-12-25 19:39:00,2011000,2017000,2010111,2011000,45.87016,92301620
"104",2017-12-25 19:40:00,2010101,2014999,2010100,2014999,27.647877,55662136
"105",2017-12-25 19:41:00,2015000,2018800,2015000,2018800,20.55034,41446270
"106",2017-12-25 19:42:00,2017931,2018997,2014000,2015000,20.164288,40668540
"107",2017-12-25 19:43:00,2015000,2018100,2014002,2016570,17.853971,35998224
"108",2017-12-25 19:44:00,2018000,2019898,2015100,2016103,30.94798,62465696
"109",2017-12-25 19:45:00,2019988,2020000,2017000,2017019,12.952406,26147518
"110",2017-12-25 19:46:00,2017818,2018000,2016076,2016867,12.506885,25231476
"111",2017-12-25 19:47:00,2016263,2016858,2015001,2015001,7.7898726,15703377
"112",2017-12-25 19:48:00,2014979,2016110,2014979,2016110,12.078475,24345842
"113",2017-12-25 19:49:00,2016110,2017000,2015178,2015526,10.932441,22039230
"114",2017-12-25 19:50:00,2016108,2016120,2008765,2011499,47.40174,95425930
"115",2017-12-25 19:51:00,2011889,2011889,2007172,2008494,54.596645,109693384
"116",2017-12-25 19:52:00,2008493,2009800,2007385,2008266,22.886328,45972350
"117",2017-12-25 19:53:00,2008646,2008833,2006000,2006000,128.12886,257120060
"118",2017-12-25 19:54:00,2e+06,2009347,2e+06,2004250,85.37693,171204290
"119",2017-12-25 19:55:00,2004250,2014343,2004250,2010360,126.27294,253748690
"120",2017-12-25 19:56:00,2012001,2015000,2010660,2014000,47.163815,94963336
"121",2017-12-25 19:57:00,2014000,2014589,2010958,2011045,34.676216,69808580
"122",2017-12-25 19:58:00,2011937,2012998,2004168,2008549,51.258144,103039940
"123",2017-12-25 19:59:00,2008549,2018446,2008536,2017000,69.53506,139964830
"124",2017-12-25 20:00:00,2017000,2018445,2013505,2014613,75.488304,152204130
"125",2017-12-25 20:01:00,2015310,2017777,2014000,2015202,75.302864,151769780
"126",2017-12-25 20:02:00,2015201,2020000,2014784,2019001,66.6433,134511100
"127",2017-12-25 20:03:00,2019002,2019998,2015100,2016905,31.714302,64004330
"128",2017-12-25 20:04:00,2016903,2017910,2013554,2015809,28.86613,58182350
"129",2017-12-25 20:05:00,2016101,2016600,2012091,2012765,26.70081,53768700
"130",2017-12-25 20:06:00,2012765,2013140,2012000,2012906,29.536432,59439932
"131",2017-12-25 20:07:00,2012906,2016192,2012906,2014000,16.583715,33406800
"132",2017-12-25 20:08:00,2013631,2015000,2013506,2015000,12.526112,25234058
"133",2017-12-25 20:09:00,2015500,2018777,2015500,2017381,30.265545,61063490
"134",2017-12-25 20:10:00,2017381,2017814,2015990,2016978,12.948838,26118850
"135",2017-12-25 20:11:00,2016978,2019192,2016401,2018000,44.47475,89762020
"136",2017-12-25 20:12:00,2018001,2018001,2016663,2017226,18.559813,37441310
"137",2017-12-25 20:13:00,2016975,2017206,2015550,2016700,31.096373,62700876
"138",2017-12-25 20:14:00,2016661,2016700,2012000,2013200,41.0268,82655780
"139",2017-12-25 20:15:00,2014150,2014998,2012765,2013901,36.820984,74127800
"140",2017-12-25 20:16:00,2013923,2016256,2013305,2016255,17.864471,35994490
"141",2017-12-25 20:17:00,2015926,2016898,2012800,2014997,29.425816,59310830
"142",2017-12-25 20:18:00,2014982,2015025,2013209,2013584,14.398705,28998638
"143",2017-12-25 20:19:00,2013342,2016001,2013001,2014190,13.15266,26496444
"144",2017-12-25 20:20:00,2014441,2015300,2012800,2012800,29.102047,58602196
"145",2017-12-25 20:21:00,2012970,2015000,2011778,2014000,55.47881,111662820
"146",2017-12-25 20:22:00,2013969,2014600,2013071,2013541,9.781478,19698536
"147",2017-12-25 20:23:00,2013605,2017000,2013605,2017000,34.695557,69957384
"148",2017-12-25 20:24:00,2017100,2019800,2014000,2015999,35.347084,71282370
"149",2017-12-25 20:25:00,2015100,2020000,2014000,2016367,68.52805,138243460
"150",2017-12-25 20:26:00,2016367,2022000,2016354,2020002,59.430897,119997690
"151",2017-12-25 20:27:00,2020999,2024750,2018250,2019000,69.663864,140732100
"152",2017-12-25 20:28:00,2019332,2019407,2016992,2017832,29.185087,58898536
"153",2017-12-25 20:29:00,2017831,2021600,2017015,2019011,29.41868,59403370
"154",2017-12-25 20:30:00,2019312,2020885,2018000,2018386,19.962618,40310172
"155",2017-12-25 20:31:00,2019017,2024201,2018349,2023999,71.42263,144371040
"156",2017-12-25 20:32:00,2022350,2028240,2022350,2027010,97.86537,198237460
"157",2017-12-25 20:33:00,2027010,2028500,2025000,2025499,85.829735,173989870
"158",2017-12-25 20:34:00,2025101,2027150,2024100,2025001,42.271164,85609330
"159",2017-12-25 20:35:00,2025500,2028878,2024522,2028878,36.154987,73300690
"160",2017-12-25 20:36:00,2028400,2028878,2026701,2027592,45.68625,92663450
"161",2017-12-25 20:37:00,2028888,2033100,2028589,2033040,172.4963,350232130
"162",2017-12-25 20:38:00,2032479,2034441,2029301,2029398,85.582954,173895000
"163",2017-12-25 20:39:00,2029710,2032932,2029300,2031956,46.275005,94016500
"164",2017-12-25 20:40:00,2031833,2032000,2028810,2030600,41.036583,83333176
"165",2017-12-25 20:41:00,2029250,2030499,2025001,2027743,50.18811,101782550
"166",2017-12-25 20:42:00,2027744,2032934,2025300,2032002,64.41947,130750770
"167",2017-12-25 20:43:00,2032499,2032790,2029145,2029145,26.865524,54550196
"168",2017-12-25 20:44:00,2029500,2032000,2029017,2029054,34.999783,71048380
"169",2017-12-25 20:45:00,2029614,2029990,2027000,2029093,31.749815,64406964
"170",2017-12-25 20:46:00,2030000,2039999,2030000,2037050,67.76649,137905810
"171",2017-12-25 20:47:00,2037050,2041799,2030999,2035689,76.66477,156187440
"172",2017-12-25 20:48:00,2037000,2037476,2031000,2032226,62.560696,127196490
"173",2017-12-25 20:49:00,2033198,2033999,2029710,2030261,31.165554,63327370
"174",2017-12-25 20:50:00,2030261,2030998,2027000,2029311,38.319923,77748300
"175",2017-12-25 20:51:00,2029311,2029993,2027581,2027600,28.560265,57930396
"176",2017-12-25 20:52:00,2027830,2029498,2025500,2028998,68.79219,139479870
"177",2017-12-25 20:53:00,2028998,2030000,2025139,2029064,34.77955,70506190
"178",2017-12-25 20:54:00,2029361,2029361,2023700,2025059,48.45033,98129464
"179",2017-12-25 20:55:00,2026799,2027200,2025013,2026000,22.55261,45693910
"180",2017-12-25 20:56:00,2026000,2029799,2025498,2025498,40.53561,82135760
"181",2017-12-25 20:57:00,2027696,2027696,2023000,2024000,80.71722,163440260
"182",2017-12-25 20:58:00,2024201,2025399,2021000,2022824,60.782303,122975016
"183",2017-12-25 20:59:00,2022148,2023144,2021100,2022520,45.200516,91415220
"184",2017-12-25 21:00:00,2022520,2023943,2021000,2023001,39.13207,79150480
"185",2017-12-25 21:01:00,2023001,2023437,2020111,2022790,60.157776,121637736
"186",2017-12-25 21:02:00,2022791,2025999,2021200,2025998,30.479336,61678388
"187",2017-12-25 21:03:00,2024998,2028838,2024522,2028062,39.944866,80956320
"188",2017-12-25 21:04:00,2027675,2029131,2027392,2028434,40.876625,82904424
"189",2017-12-25 21:05:00,2028587,2028900,2022580,2024600,57.03849,115489950
"190",2017-12-25 21:06:00,2025000,2026000,2021000,2023001,60.634174,122712264
"191",2017-12-25 21:07:00,2022500,2026000,2022500,2026000,32.761875,66329628
"192",2017-12-25 21:08:00,2026001,2031628,2026000,2029035,44.958153,91220580
"193",2017-12-25 21:09:00,2029124,2032200,2025202,2029000,68.23603,138448290
"194",2017-12-25 21:10:00,2027468,2029710,2027467,2029619,11.831783,24003432
"195",2017-12-25 21:11:00,2028600,2029617,2025503,2027001,21.740677,44096896
"196",2017-12-25 21:12:00,2027350,2030000,2027001,2028691,55.523594,112673016
"197",2017-12-25 21:13:00,2028717,2029500,2027001,2028633,24.626873,49952370
"198",2017-12-25 21:14:00,2029000,2031000,2028788,2030271,31.9379,64830588
"199",2017-12-25 21:15:00,2030501,2031122,2023401,2027718,49.510056,100382344
"200",2017-12-25 21:16:00,2027985,2027985,2023557,2026699,21.178602,42897864
"201",2017-12-25 21:17:00,2026498,2026699,2023328,2025769,33.36394,67564650
"202",2017-12-25 21:18:00,2025769,2028000,2025380,2027125,17.880068,36242416
"203",2017-12-25 21:19:00,2027077,2027500,2025901,2026361,12.365656,25064180
"204",2017-12-25 21:20:00,2026363,2027500,2026077,2026927,16.48397,33413478
"205",2017-12-25 21:21:00,2026928,2027500,2026077,2026652,25.278732,51233260
"206",2017-12-25 21:22:00,2026652,2027060,2022582,2024496,30.342335,61438892
"207",2017-12-25 21:23:00,2023810,2024997,2020001,2022517,41.49632,83925256
"208",2017-12-25 21:24:00,2021459,2023903,2020002,2022502,41.121925,83144070
"209",2017-12-25 21:25:00,2021610,2028991,2020410,2028991,46.420982,93953940
"210",2017-12-25 21:26:00,2025666,2028991,2024600,2026999,31.950695,64768588
"211",2017-12-25 21:27:00,2026876,2033010,2026503,2032700,109.1698,221712500
"212",2017-12-25 21:28:00,2032000,2033009,2027144,2030251,90.54847,183830020
"213",2017-12-25 21:29:00,2030890,2030890,2026073,2030001,36.781036,74602610
"214",2017-12-25 21:30:00,2030001,2030001,2027161,2028886,43.28814,87817160
"215",2017-12-25 21:31:00,2029001,2030000,2027160,2030000,35.87082,72792856
"216",2017-12-25 21:32:00,2030000,2033100,2026802,2033000,70.25133,142645730
"217",2017-12-25 21:33:00,2033100,2037777,2025500,2033000,109.87149,223379780
"218",2017-12-25 21:34:00,2034050,2035000,2028000,2034002,95.582054,194246530
"219",2017-12-25 21:35:00,2033002,2034999,2029267,2033200,100.16814,203683700
"220",2017-12-25 21:36:00,2033499,2033968,2027996,2029036,103.665054,210474880
"221",2017-12-25 21:37:00,2029036,2033488,2028510,2031000,51.567787,104720390
"222",2017-12-25 21:38:00,2031000,2031999,2029000,2030900,46.86387,95134970
"223",2017-12-25 21:39:00,2030900,2031800,2028000,2031469,31.717478,64394170
"224",2017-12-25 21:40:00,2031469,2031525,2028000,2030000,30.730051,62362604
"225",2017-12-25 21:41:00,2029000,2030776,2029000,2030318,32.497494,65967012
"226",2017-12-25 21:42:00,2030300,2032980,2030002,2031360,65.54424,133166536
"227",2017-12-25 21:43:00,2031658,2033500,2030000,2033500,106.97652,217341300
"228",2017-12-25 21:44:00,2032698,2034000,2031200,2031799,41.17161,83679210
"229",2017-12-25 21:45:00,2032184,2033775,2030000,2030379,61.272194,124490180
"230",2017-12-25 21:46:00,2030278,2033200,2030200,2032467,42.27779,85905790
"231",2017-12-25 21:47:00,2032150,2034000,2031111,2033713,46.149136,93807220
"232",2017-12-25 21:48:00,2033213,2034000,2032000,2033800,51.037575,103755020
"233",2017-12-25 21:49:00,2033002,2035653,2033000,2035653,45.650837,92855590
"234",2017-12-25 21:50:00,2033873,2044560,2033873,2042000,64.415565,131453820
"235",2017-12-25 21:51:00,2043996,2047000,2043250,2047000,70.3797,143920100
"236",2017-12-25 21:52:00,2046441,2049340,2046076,2048080,84.2906,172602620
"237",2017-12-25 21:53:00,2048080,2049340,2047001,2048989,72.03742,147560750
"238",2017-12-25 21:54:00,2048998,2048998,2044000,2046000,85.13414,174267360
"239",2017-12-25 21:55:00,2045001,2048401,2044000,2048245,70.32789,143944240
"240",2017-12-25 21:56:00,2047400,2048399,2041460,2044072,54.84032,112140340
"241",2017-12-25 21:57:00,2042351,2044499,2041460,2042000,53.91406,110119944
"242",2017-12-25 21:58:00,2043999,2044000,2038700,2038700,51.94259,106019040
"243",2017-12-25 21:59:00,2039100,2039990,2035000,2036388,50.116234,102120780
"244",2017-12-25 22:00:00,2036100,2041212,2035300,2040000,72.84326,148487180
"245",2017-12-25 22:01:00,2040050,2042000,2036780,2038555,64.26014,131108180
"246",2017-12-25 22:02:00,2038000,2039990,2038000,2039699,27.018572,55097612
"247",2017-12-25 22:03:00,2039002,2039699,2036620,2036620,33.743084,68777020
"248",2017-12-25 22:04:00,2036678,2037200,2030508,2032000,61.025707,124057650
"249",2017-12-25 22:05:00,2033639,2037500,2032501,2035700,57.570995,117149710
"250",2017-12-25 22:06:00,2035701,2037000,2032222,2035010,37.32191,75938110
"251",2017-12-25 22:07:00,2035000,2040000,2034000,2040000,52.923027,107822440
"252",2017-12-25 22:08:00,2040000,2040996,2037529,2037529,36.45571,74361070
"253",2017-12-25 22:09:00,2037529,2039970,2037000,2038350,31.558956,64335050
"254",2017-12-25 22:10:00,2037151,2038358,2035000,2036358,41.32569,84171910
"255",2017-12-25 22:11:00,2036041,2036475,2034000,2035799,33.355507,67874280
"256",2017-12-25 22:12:00,2035374,2038848,2034000,2035024,39.40335,80207880
"257",2017-12-25 22:13:00,2035024,2038000,2034080,2036181,32.741714,66657628
"258",2017-12-25 22:14:00,2035500,2036000,2029841,2030878,61.19818,124398520
"259",2017-12-25 22:15:00,2031312,2031710,2028888,2028988,64.82536,131588370
"260",2017-12-25 22:16:00,2028889,2036346,2028888,2036346,56.845497,115546400
"261",2017-12-25 22:17:00,2035230,2037315,2035000,2036342,52.221394,106320250
"262",2017-12-25 22:18:00,2035990,2036780,2034002,2034002,54.20188,110322740
"263",2017-12-25 22:19:00,2034176,2036700,2032600,2035201,45.177498,91932650
"264",2017-12-25 22:20:00,2035358,2035999,2032424,2034429,32.28907,65703880
"265",2017-12-25 22:21:00,2034222,2035541,2027800,2032000,85.11042,172851090
"266",2017-12-25 22:22:00,2031800,2031901,2025980,2025999,46.740738,94777040
"267",2017-12-25 22:23:00,2026162,2030000,2024550,2026100,84.03487,170326860
"268",2017-12-25 22:24:00,2027000,2033000,2026023,2028351,59.344994,120418760
"269",2017-12-25 22:25:00,2028351,2030000,2027000,2028480,29.527645,59876180
"270",2017-12-25 22:26:00,2028480,2034500,2027301,2029000,42.087868,85466270
"271",2017-12-25 22:27:00,2028751,2031983,2028751,2029262,19.233303,39051140
"272",2017-12-25 22:28:00,2029002,2031400,2028888,2029121,35.020405,71078290
"273",2017-12-25 22:29:00,2030143,2033000,2029500,2031001,30.493923,61945580
"274",2017-12-25 22:30:00,2031622,2035000,2031622,2032365,37.057503,75330310
"275",2017-12-25 22:31:00,2032365,2035700,2032003,2035500,44.637547,90794030
"276",2017-12-25 22:32:00,2035700,2036396,2033001,2035121,45.17196,91938980
"277",2017-12-25 22:33:00,2035121,2035121,2033002,2034054,22.890417,46567704
"278",2017-12-25 22:34:00,2034396,2036969,2034001,2035000,40.210163,81837064
"279",2017-12-25 22:35:00,2036969,2038100,2035000,2037140,21.368721,43526092
"280",2017-12-25 22:36:00,2037140,2038030,2036920,2037000,25.423328,51804984
"281",2017-12-25 22:37:00,2037999,2039049,2034900,2035410,51.88127,105691460
"282",2017-12-25 22:38:00,2036430,2036430,2034511,2035898,42.69553,86889480
"283",2017-12-25 22:39:00,2035350,2036000,2032750,2032750,36.869427,75007380
"284",2017-12-25 22:40:00,2034319,2034319,2031620,2031620,48.813747,99209370
"285",2017-12-25 22:41:00,2032000,2032000,2030000,2030185,39.016876,79225270
"286",2017-12-25 22:42:00,2030130,2031620,2029740,2031590,83.0038,168523330
"287",2017-12-25 22:43:00,2031590,2032000,2030200,2030799,29.60361,60125600
"288",2017-12-25 22:44:00,2030700,2031999,2028980,2029300,38.12504,77381784
"289",2017-12-25 22:45:00,2029050,2031000,2028980,2029000,26.126003,53024908
"290",2017-12-25 22:46:00,2029001,2032000,2027860,2032000,57.62442,116945450
"291",2017-12-25 22:47:00,2032500,2034900,2030010,2032767,21.872183,44457544
"292",2017-12-25 22:48:00,2033000,2034399,2032767,2033005,20.894213,42489620
"293",2017-12-25 22:49:00,2033500,2035603,2032777,2035603,25.730274,52352170
"294",2017-12-25 22:50:00,2036650,2039000,2035050,2038721,67.81588,138168820
"295",2017-12-25 22:51:00,2038721,2039030,2036910,2038480,42.238068,86090780
"296",2017-12-25 22:52:00,2038480,2038480,2034954,2035001,59.72252,121628800
"297",2017-12-25 22:53:00,2033000,2035001,2030610,2031210,46.180534,93884616
"298",2017-12-25 22:54:00,2031342,2034201,2027860,2031000,82.414154,167300180
"299",2017-12-25 22:55:00,2030593,2031550,2025970,2027100,90.93225,184404430
"300",2017-12-25 22:56:00,2025970,2026550,2023100,2024444,71.37084,144536420
"301",2017-12-25 22:57:00,2023705,2024444,2021399,2023333,56.192493,113674290
"302",2017-12-25 22:58:00,2022550,2023500,2019080,2020103,57.860817,116918360
"303",2017-12-25 22:59:00,2020103,2020996,2017000,2020000,99.435875,200769100
"304",2017-12-25 23:00:00,2017000,2020000,2017000,2019500,74.123276,149595870
"305",2017-12-25 23:01:00,2018299,2026500,2012000,2020000,136.7175,275772160
"306",2017-12-25 23:02:00,2020000,2021501,2015000,2015000,87.974976,177605340
"307",2017-12-25 23:03:00,2015028,2020000,2012000,2016575,64.0752,129256776
"308",2017-12-25 23:04:00,2018731,2019080,2012000,2015758,120.897316,243572460
"309",2017-12-25 23:05:00,2014000,2016000,2010380,2013999,55.736977,112217360
"310",2017-12-25 23:06:00,2014000,2014357,2008540,2008540,165.37569,332296830
"311",2017-12-25 23:07:00,2008900,2019998,2008100,2014000,130.79384,263105020
"312",2017-12-25 23:08:00,2013225,2017499,2012000,2014898,59.241974,119355624
"313",2017-12-25 23:09:00,2015000,2017400,2013500,2013550,68.03736,137078930
"314",2017-12-25 23:10:00,2013501,2015990,2011111,2011111,74.50034,150071580
"315",2017-12-25 23:11:00,2014249,2015060,2011111,2013912,70.61467,142149980
"316",2017-12-25 23:12:00,2013912,2020000,2011200,2018998,76.594826,154431550
"317",2017-12-25 23:13:00,2016614,2020000,2015100,2019390,114.09556,230227970
"318",2017-12-25 23:14:00,2018138,2019400,2015000,2015200,76.033195,153350080
"319",2017-12-25 23:15:00,2015426,2016998,2013028,2013500,53.16385,107115340
"320",2017-12-25 23:16:00,2013334,2015000,2010000,2012900,99.07207,199354740
"321",2017-12-25 23:17:00,2013002,2014000,2012000,2012010,28.955553,58274316
"322",2017-12-25 23:18:00,2012000,2015000,2011005,2014899,40.00226,80537336
"323",2017-12-25 23:19:00,2014880,2014899,2012000,2014117,58.250507,117276670
"324",2017-12-25 23:20:00,2014117,2014117,2007111,2007519,61.968662,124540800
"325",2017-12-25 23:21:00,2009400,2012323,2006666,2008362,72.99963,146622020
"326",2017-12-25 23:22:00,2009000,2010000,2006676,2008620,32.982105,66235416
"327",2017-12-25 23:23:00,2008210,2008811,2004000,2004583,107.06222,214742640
"328",2017-12-25 23:24:00,2005550,2008362,2004000,2007777,93.67894,187923470
"329",2017-12-25 23:25:00,2008000,2011498,2005620,2011374,65.28846,131201630
"330",2017-12-25 23:26:00,2011374,2013000,2010000,2010000,87.86369,176771410
"331",2017-12-25 23:27:00,2010000,2013129,2010000,2012796,48.929302,98457320
"332",2017-12-25 23:28:00,2012796,2014990,2012100,2014000,46.40528,93442770
"333",2017-12-25 23:29:00,2014929,2014989,2012800,2013769,58.96538,118733784
"334",2017-12-25 23:30:00,2013530,2015200,2012100,2013999,92.289406,185888400
"335",2017-12-25 23:31:00,2013339,2014505,2008000,2012000,58.31724,117273800
"336",2017-12-25 23:32:00,2014649,2019231,2012000,2018888,83.721214,168873330
"337",2017-12-25 23:33:00,2018989,2018989,2015000,2016962,40.499817,81671150
"338",2017-12-25 23:34:00,2014546,2016961,2011910,2011910,41.000805,82583900
"339",2017-12-25 23:35:00,2014022,2015000,2011055,2012746,56.78243,114291960
"340",2017-12-25 23:36:00,2012800,2015000,2012301,2014977,21.318815,42941996
"341",2017-12-25 23:37:00,2014706,2015252,2013000,2015050,63.59314,128118664
"342",2017-12-25 23:38:00,2015252,2016552,2013421,2015664,23.2678,46900310
"343",2017-12-25 23:39:00,2015514,2017949,2015211,2015211,34.98764,70564810
"344",2017-12-25 23:40:00,2015604,2015898,2012300,2012300,31.085575,62616292
"345",2017-12-25 23:41:00,2012610,2012610,2010011,2010040,61.252846,123167580
"346",2017-12-25 23:42:00,2010009,2010100,2007251,2007251,42.587982,85533870
"347",2017-12-25 23:43:00,2008030,2011556,2007200,2007200,102.639015,206245280
"348",2017-12-25 23:44:00,2010003,2010003,2003650,2003650,102.25322,205153150
"349",2017-12-25 23:45:00,2005500,2008000,2002640,2006400,67.2111,134759200
"350",2017-12-25 23:46:00,2005921,2007000,2001008,2001008,74.77609,149876530
"351",2017-12-25 23:47:00,2001150,2005000,2e+06,2004275,102.27978,204770610
"352",2017-12-25 23:48:00,2004001,2004001,2e+06,2000300,98.527794,197204770
"353",2017-12-25 23:49:00,2000720,2000720,1997390,1998100,118.86132,237587890
"354",2017-12-25 23:50:00,1998640,2000510,1995140,2000200,109.01442,217791070
"355",2017-12-25 23:51:00,2e+06,2007300,1998001,2002875,81.90596,163963520
"356",2017-12-25 23:52:00,2002999,2010000,2002438,2008650,89.38927,179357170
"357",2017-12-25 23:53:00,2007900,2009183,2003200,2004117,58.16803,116781900
"358",2017-12-25 23:54:00,2004841,2008986,2001768,2008986,71.87281,144201860
"359",2017-12-25 23:55:00,2008985,2009387,2004205,2006293,47.57937,95481416
"360",2017-12-25 23:56:00,2005951,2006448,2004000,2004000,25.272491,50674428
"361",2017-12-25 23:57:00,2003002,2004000,1997000,2000501,65.58244,131176800
"362",2017-12-25 23:58:00,2001366,2002999,1998028,2000500,56.747078,113525310
"363",2017-12-25 23:59:00,2000733,2003550,2000002,2001099,56.545513,113164860
"364",2017-12-26 00:00:00,2000998,2001111,1997015,1997015,82.795944,165554080
"365",2017-12-26 00:01:00,1997016,2005580,1996200,2000689,63.46365,126953350
"366",2017-12-26 00:02:00,2000689,2005290,2000175,2003400,50.28883,100700450
"367",2017-12-26 00:03:00,2005290,2005580,2003200,2003370,20.503382,41093104
"368",2017-12-26 00:04:00,2003693,2003693,2000175,2003139,32.615097,65298976
"369",2017-12-26 00:05:00,2002699,2005000,2001900,2005000,56.959995,114148696
"370",2017-12-26 00:06:00,2004470,2005000,2003811,2004700,38.412647,76999704
"371",2017-12-26 00:07:00,2004897,2007000,2004192,2006001,115.8387,232314750
"372",2017-12-26 00:08:00,2006693,2006800,2001333,2002330,54.215572,108691710
"373",2017-12-26 00:09:00,2003500,2004800,2002331,2002685,28.53475,57168690
"374",2017-12-26 00:10:00,2002656,2007500,2002656,2007500,45.572582,91368744
"375",2017-12-26 00:11:00,2006731,2008182,2005120,2007002,79.80312,160171410
"376",2017-12-26 00:12:00,2007002,2008182,2005000,2006000,47.516884,95359560
"377",2017-12-26 00:13:00,2006000,2007299,2004351,2006689,20.956182,42038892
"378",2017-12-26 00:14:00,2006833,2007256,2005002,2005800,24.462107,49070396
"379",2017-12-26 00:15:00,2005003,2006892,2005002,2006376,56.37718,113060260
"380",2017-12-26 00:16:00,2006366,2009760,2005502,2009001,54.52183,109513680
"381",2017-12-26 00:17:00,2009435,2009759,2008480,2008959,37.726906,75806260
"382",2017-12-26 00:18:00,2008959,2013000,2008851,2012078,55.847054,112245416
"383",2017-12-26 00:19:00,2012333,2015000,2012000,2012804,67.004395,134943860
"384",2017-12-26 00:20:00,2012804,2014456,2010001,2013318,34.614174,69673070
"385",2017-12-26 00:21:00,2013319,2015022,2013000,2013228,44.075356,88781304
"386",2017-12-26 00:22:00,2013200,2014435,2010238,2010238,36.159454,72746020
"387",2017-12-26 00:23:00,2010598,2011510,2010001,2011510,45.256462,90985896
"388",2017-12-26 00:24:00,2011527,2014800,2011005,2013332,26.994076,54326780
"389",2017-12-26 00:25:00,2013851,2014123,2011000,2012627,21.75727,43792948
"390",2017-12-26 00:26:00,2013250,2013499,2011000,2011727,17.35238,34916492
"391",2017-12-26 00:27:00,2011000,2012046,2008974,2010000,108.802605,218695680
"392",2017-12-26 00:28:00,2010000,2012000,2009765,2011010,23.191078,46632240
"393",2017-12-26 00:29:00,2011011,2011558,2005620,2006274,35.686455,71631820
"394",2017-12-26 00:30:00,2006237,2007800,2006236,2007131,34.10777,68453430
"395",2017-12-26 00:31:00,2008000,2009007,2006177,2007627,23.221718,46630452
"396",2017-12-26 00:32:00,2007670,2010050,2006514,2009310,28.74659,57755644
"397",2017-12-26 00:33:00,2009310,2010050,2008961,2009386,16.377893,32909496
"398",2017-12-26 00:34:00,2009500,2012331,2008666,2011908,38.307156,77013300
"399",2017-12-26 00:35:00,2011909,2012000,2009901,2011553,23.90154,48071744
"400",2017-12-26 00:36:00,2011553,2012331,2010978,2012228,17.264874,34738470
"401",2017-12-26 00:37:00,2012314,2015890,2011577,2015040,46.757565,94176920
"402",2017-12-26 00:38:00,2015890,2015890,2013002,2013508,23.413708,47167424
"403",2017-12-26 00:39:00,2013558,2016000,2011890,2015342,40.655685,81892230
"404",2017-12-26 00:40:00,2015416,2016000,2013030,2014100,21.914093,44149440
"405",2017-12-26 00:41:00,2014100,2014999,2012300,2014146,20.94493,42173790
"406",2017-12-26 00:42:00,2014680,2016998,2014680,2016800,20.517736,41360210
"407",2017-12-26 00:43:00,2016700,2017260,2016000,2016335,50.74794,102349736
"408",2017-12-26 00:44:00,2016502,2017416,2015000,2016200,39.55342,79737250
"409",2017-12-26 00:45:00,2016527,2018888,2015502,2017200,42.985004,86726024
"410",2017-12-26 00:46:00,2018331,2018331,2015899,2017125,25.181927,50794636
"411",2017-12-26 00:47:00,2017242,2019000,2016514,2018089,31.845518,64248356
"412",2017-12-26 00:48:00,2018300,2018300,2017000,2017568,10.094248,20364232
"413",2017-12-26 00:49:00,2017508,2018500,2015000,2015000,35.13968,70851500
"414",2017-12-26 00:50:00,2015000,2017241,2014002,2015879,46.22718,93164340
"415",2017-12-26 00:51:00,2015934,2016987,2013000,2013440,30.56279,61569252
"416",2017-12-26 00:52:00,2013441,2015393,2011932,2012555,29.72019,59816572
"417",2017-12-26 00:53:00,2012696,2014716,2011951,2014277,24.103365,48525720
"418",2017-12-26 00:54:00,2014200,2014619,2012736,2013488,16.132036,32484640
"419",2017-12-26 00:55:00,2013115,2013540,2009383,2010403,40.130505,80742200
"420",2017-12-26 00:56:00,2011499,2013463,2011299,2012902,16.2661,32737384
"421",2017-12-26 00:57:00,2013352,2013352,2008940,2010135,33.39335,67133540
"422",2017-12-26 00:58:00,2010000,2012800,2010000,2011636,22.973146,46211344
"423",2017-12-26 00:59:00,2011192,2012556,2010000,2011621,17.697458,35601696
"424",2017-12-26 01:00:00,2011000,2011675,2008000,2009098,26.479795,53209244
"425",2017-12-26 01:01:00,2009383,2009937,2007257,2008839,33.974487,68226780
"426",2017-12-26 01:02:00,2009400,2012980,2008789,2011841,64.61348,129985670
"427",2017-12-26 01:03:00,2011907,2015000,2011907,2013998,28.970665,58342990
"428",2017-12-26 01:04:00,2014254,2015000,2014000,2014913,17.157024,34562216
"429",2017-12-26 01:05:00,2014913,2018000,2014795,2017577,29.24366,58963044
"430",2017-12-26 01:06:00,2017680,2018000,2012500,2014502,17.804403,35876628
"431",2017-12-26 01:07:00,2014476,2015178,2012750,2014437,20.800339,41876640
"432",2017-12-26 01:08:00,2014436,2015300,2012500,2013547,23.878328,48091380
"433",2017-12-26 01:09:00,2013790,2014163,2013438,2013922,12.308175,24785808
"434",2017-12-26 01:10:00,2014163,2015699,2013664,2014290,16.17713,32591028
"435",2017-12-26 01:11:00,2014552,2016000,2014552,2015001,10.806579,21781106
"436",2017-12-26 01:12:00,2015798,2017880,2013900,2015165,54.015602,108891610
"437",2017-12-26 01:13:00,2015001,2016000,2013900,2014571,16.650738,33553004
"438",2017-12-26 01:14:00,2014448,2016200,2013100,2014863,27.32618,55035676
"439",2017-12-26 01:15:00,2014895,2015800,2013903,2015601,13.308343,26816122
"440",2017-12-26 01:16:00,2015624,2015827,2014174,2015001,9.3472395,18836114
"441",2017-12-26 01:17:00,2014174,2016000,2014001,2015886,20.355244,41019120
"442",2017-12-26 01:18:00,2015886,2016246,2012660,2013331,40.45703,81512616
"443",2017-12-26 01:19:00,2013300,2015000,2010001,2010001,27.781622,55921560
"444",2017-12-26 01:20:00,2011100,2014450,2010000,2011618,23.257296,46793084
"445",2017-12-26 01:21:00,2011743,2014800,2011589,2011984,14.304653,28804448
"446",2017-12-26 01:22:00,2011662,2012998,2011589,2012008,13.754972,27676416
"447",2017-12-26 01:23:00,2012143,2014150,2012143,2013205,5.5054836,11083521
"448",2017-12-26 01:24:00,2013220,2015000,2013208,2013381,29.023487,58473604
"449",2017-12-26 01:25:00,2014581,2016730,2013209,2015143,22.3809,45096160
"450",2017-12-26 01:26:00,2015785,2016087,2015001,2015731,15.008193,30252578
"451",2017-12-26 01:27:00,2015966,2016000,2012500,2014636,16.04151,32310998
"452",2017-12-26 01:28:00,2013738,2014316,2012990,2013579,20.451443,41179096
"453",2017-12-26 01:29:00,2014148,2015219,2012990,2013389,24.685959,49728988
"454",2017-12-26 01:30:00,2013555,2015110,2012142,2013001,19.872452,40018356
"455",2017-12-26 01:31:00,2013172,2014300,2011756,2012633,14.146757,28480540
"456",2017-12-26 01:32:00,2012644,2012997,2011756,2012141,22.980503,46242812
"457",2017-12-26 01:33:00,2012754,2013990,2011500,2012001,39.14202,78761670
"458",2017-12-26 01:34:00,2012001,2012001,2010666,2010820,22.184093,44618020
"459",2017-12-26 01:35:00,2010794,2014100,2010000,2013414,23.860056,47998172
"460",2017-12-26 01:36:00,2013414,2014350,2011999,2013200,19.218094,38687644
"461",2017-12-26 01:37:00,2013200,2013380,2012000,2012001,7.736689,15572301
"462",2017-12-26 01:38:00,2012001,2013990,2012000,2013943,16.581436,33378682
"463",2017-12-26 01:39:00,2013819,2013989,2011516,2011799,12.141961,24432446
"464",2017-12-26 01:40:00,2011636,2012654,2010000,2010530,11.82314,23783036
"465",2017-12-26 01:41:00,2010050,2010799,2008501,2010250,19.51501,39222204
"466",2017-12-26 01:42:00,2010000,2010250,2008501,2008501,8.227604,16531167
"467",2017-12-26 01:43:00,2008501,2009004,2006170,2008574,34.8234,69916750
"468",2017-12-26 01:44:00,2007989,2010061,2007501,2009900,10.994413,22088450
"469",2017-12-26 01:45:00,2009583,2011420,2008132,2010200,21.07776,42371784
"470",2017-12-26 01:46:00,2010358,2012100,2010202,2011967,15.679415,31539810
"471",2017-12-26 01:47:00,2012100,2013500,2011977,2013096,12.022577,24196372
"472",2017-12-26 01:48:00,2013201,2013500,2012100,2012760,15.104137,30405278
"473",2017-12-26 01:49:00,2013315,2013498,2012101,2012161,8.497296,17101676
"474",2017-12-26 01:50:00,2012487,2014369,2012101,2013478,13.775538,27734244
"475",2017-12-26 01:51:00,2014301,2014567,2012152,2014112,19.179804,38626028
"476",2017-12-26 01:52:00,2013803,2014545,2012752,2013533,15.870735,31958846
"477",2017-12-26 01:53:00,2013500,2014000,2010357,2011000,22.240606,44760810
"478",2017-12-26 01:54:00,2011000,2013490,2011000,2012734,6.0725155,12217637
"479",2017-12-26 01:55:00,2011914,2014181,2011500,2012123,13.929702,28040822
"480",2017-12-26 01:56:00,2012123,2014520,2012123,2013697,21.44014,43172076
"481",2017-12-26 01:57:00,2013621,2013621,2011500,2011780,9.753278,19629064
"482",2017-12-26 01:58:00,2011690,2013800,2010856,2013398,18.691364,37621030
"483",2017-12-26 01:59:00,2012607,2013215,2012000,2012003,8.819694,17749226
"484",2017-12-26 02:00:00,2012558,2014400,2012054,2013373,13.173271,26520354
"485",2017-12-26 02:01:00,2013372,2013895,2012852,2013090,6.9338245,13959762
"486",2017-12-26 02:02:00,2013109,2013500,2012282,2013399,10.952654,22046534
"487",2017-12-26 02:03:00,2013802,2014278,2012500,2014278,15.414388,31038308
"488",2017-12-26 02:04:00,2013971,2014999,2013700,2014439,19.34377,38967360
"489",2017-12-26 02:05:00,2014096,2014450,2012875,2014400,12.433191,25038940
"490",2017-12-26 02:06:00,2014200,2015000,2014200,2015000,20.296722,40893064
"491",2017-12-26 02:07:00,2015000,2016569,2014631,2016550,38.840996,78283470
"492",2017-12-26 02:08:00,2015623,2016000,2014200,2015001,20.662933,41641388
"493",2017-12-26 02:09:00,2015002,2015288,2012875,2014427,10.936441,22030214
"494",2017-12-26 02:10:00,2014752,2014761,2013000,2013643,19.085424,38433530
"495",2017-12-26 02:11:00,2014134,2014135,2012875,2012875,13.712658,27606292
"496",2017-12-26 02:12:00,2012939,2014499,2012875,2013432,17.945312,36134804
"497",2017-12-26 02:13:00,2013381,2014146,2013171,2014000,9.768958,19671884
"498",2017-12-26 02:14:00,2013746,2015300,2013598,2014440,13.452445,27099414
"499",2017-12-26 02:15:00,2014600,2014899,2012900,2013996,15.202756,30614318
"500",2017-12-26 02:16:00,2013709,2014500,2013001,2013374,4.982505,10034686
