"","time","lst","best_bid","best_ask","best_bid_size","best_ask_size","total_bid_depth","total_ask_depth","volume"
"1",2017-11-08 00:17:07,812962,812793,812962,0.0199,1.6448,12789.69815942,9596.32661243,255663.50674318
"2",2017-11-08 00:17:08,812962,812793,812961,0.0199,0.32,12790.8981604,9597.94661169,255656.25814655
"3",2017-11-08 00:17:09,812961,812790,812791,0.07490098,7.98243411,12769.58829272,9606.96004481,255653.74814655
"4",2017-11-08 00:17:10,812790,812790,812791,0.06490098,11.40554961,12765.94358824,9711.70866095,255653.25046516
"5",2017-11-08 00:17:11,812791,812790,812791,0.06490098,10.79554888,12770.90015892,9708.58346022,255651.62936589
"6",2017-11-08 00:17:12,812790,812706,812790,0.6,0.22509902,12783.96257072,9638.94216022,255645.55382997
"7",2017-11-08 00:17:13,812706,812706,812790,0.55000049,0.22509902,12778.46225916,9619.48872463,255646.05282997
"8",2017-11-08 00:17:14,812706,812706,812710,0.55000049,0.1,12782.76845852,9614.58165868,255644.885714
"9",2017-11-08 00:17:15,812500,812500,812656,0.92980098,6.90799927,12768.90676935,9623.79265795,255657.94949527
"10",2017-11-08 00:17:16,812028,812001,812028,2.52875127,1.39999951,12759.66692893,9587.67955879,255618.42628674
"11",2017-11-08 00:17:17,812501,812501,812636,2.0100022,8.68243411,12766.47693137,9597.16199364,255620.41620404
"12",2017-11-08 00:17:18,812249,812249,812510,0.97,0.3,12789.47537073,9576.54266955,255617.20821989
"13",2017-11-08 00:17:19,812635,812249,812635,0.97,0.5,12790.05707024,9580.33566955,255615.55984224
"14",2017-11-08 00:17:20,812635,812249,812635,0.72,5.49070094,12777.80921665,9573.24736857,255605.2516413
"15",2017-11-08 00:17:21,812000,812000,812634,2.71740098,0.66,12752.05821592,9568.3793698,255593.4516413
"16",2017-11-08 00:17:22,812000,812250,812510,0.1315,1,12759.76865939,9577.91406836,255511.9516413
"17",2017-11-08 00:17:23,812250,812250,812450,0.1215,0.02,12780.52965963,9564.14106836,255506.4316413
"18",2017-11-08 00:17:24,812450,812018,812450,0.023,0.01,12760.69322698,9542.45318587,255495.9348413
"19",2017-11-08 00:17:25,811967,812002,812450,0.32,0.01,12757.30242771,9546.34418637,255488.92634125
"20",2017-11-08 00:17:26,812121,812121,812260,0.4,0.008,12753.43242698,9544.81032838,255478.38737327
"21",2017-11-08 00:17:27,812509,812090,812360,0.1,0.463,12756.47642674,9531.44483247,255466.30107118
"22",2017-11-08 00:17:28,812002,812002,812360,1.12538523,0.463,12758.34181245,9549.52483346,255468.919408
"23",2017-11-08 00:17:29,812001,812090,812359,1,2,12756.24261123,9539.55963592,255452.65515423
"24",2017-11-08 00:17:30,812100,811900,812180,22.54268304,0.016,12749.1406127,9542.83563493,255458.54517423
"25",2017-11-08 00:17:31,812156,811901,812156,0.57794201,0.00820024,12730.28625325,9541.67553572,255445.24697399
"26",2017-11-08 00:17:32,812156,811942,812156,1,0.00820024,12760.32625447,9549.93108716,255434.53697399
"27",2017-11-08 00:17:33,811942,811942,812156,0.91,0.00820024,12763.23625447,9550.19708716,255429.84258677
"28",2017-11-08 00:17:34,811942,811942,812358,0.81,0.22920099,12762.25625373,9535.74708716,255421.78258677
"29",2017-11-08 00:17:35,811942,811943,812357,1.2482,1.3517,12774.24958602,9527.84838713,255375.07421749
"30",2017-11-08 00:17:36,812357,812156,812357,6,0.6517,12792.11208021,9532.05918614,255368.64819943
"31",2017-11-08 00:17:37,812156,812156,812356,6.49,1.80000272,12780.52397899,9536.40748886,255293.52229656
"32",2017-11-08 00:17:38,812157,812157,812356,0.6482,1.09000222,12787.490121,9537.7101885,255287.10229656
"33",2017-11-08 00:17:39,812157,812157,812231,10.55,0.01,12783.57703753,9547.58106974,255274.98304526
"34",2017-11-08 00:17:40,812356,812356,812357,1.68641778,0.7,12752.48359749,9551.01548851,255273.36082792
"35",2017-11-08 00:17:41,812356,812356,812357,0.08641753,0.7,12755.103597,9538.75248653,255273.76082792
"36",2017-11-08 00:17:42,812157,812158,812356,1.3296,0.05,12750.96959627,9534.09338653,255280.79995815
"37",2017-11-08 00:17:43,812360,812158,812356,1.3296,2.06,12751.80753877,9550.91738782,255264.77525815
"38",2017-11-08 00:17:44,812366,812366,812496,14.2312995,0.023,12755.11923778,9551.23108782,255262.01500857
"39",2017-11-08 00:17:45,812366,812366,812496,9.23129678,0.023,12750.54293408,9552.18728782,255261.64996434
"40",2017-11-08 00:17:46,812366,812158,812496,0.21794201,0.023,12734.9079373,9557.39108832,255256.59565114
"41",2017-11-08 00:17:47,811900,811900,811990,16.27704258,1,12712.86893851,9560.37608782,255275.09565114
"42",2017-11-08 00:17:48,811900,811900,811990,12.07704258,0.98,12706.368939,9561.292087,255276.86961735
"43",2017-11-08 00:17:49,811900,811900,811990,12.06704258,0.98,12704.47493876,9561.15408848,255275.96988823
"44",2017-11-08 00:17:50,811920,811941,811989,0.20794201,4.75000099,12721.70438125,9559.97238774,255274.80721083
"45",2017-11-08 00:17:51,811755,811755,811989,26.3609831,0.1798,12694.70437781,9545.26938576,255292.30094256
"46",2017-11-08 00:17:52,811755,811755,811984,24.5009831,0.005,12703.14737977,9550.09233049,255291.61904256
"47",2017-11-08 00:17:53,811600,811600,811900,0.001,0.1332,12674.4733805,9564.77153124,255325.05546147
"48",2017-11-08 00:17:54,811560,811560,811900,4.85257988,0.1332,12661.47897533,9572.77353124,255334.1274981
"49",2017-11-08 00:17:55,811988,811601,811756,3,0.1332,12635.05397631,9592.46958848,255344.1464981
"50",2017-11-08 00:17:56,811756,811602,811899,0.6,0.043,12643.3149768,9583.16433049,255343.75095018
"51",2017-11-08 00:17:57,811756,811602,811899,0.6,0.043,12647.5409768,9582.84433049,255345.01881018
"52",2017-11-08 00:17:58,811466,811466,811725,8.98,0.01,12607.1269768,9589.89532975,255400.34221018
"53",2017-11-08 00:17:59,811755,811466,811755,7.1202,5.724,12598.96917582,9578.89532777,255397.23958418
"54",2017-11-08 00:18:00,811755,811720,811755,11.19,3.934,12632.70007557,9574.85622901,255390.60328418
"55",2017-11-08 00:18:01,811755,811720,811755,1.09,2.497,12630.9200763,9581.73123,255390.71695788
"56",2017-11-08 00:18:02,811755,811503,811755,7,0.002,12633.7600763,9579.5624305,255382.80695788
"57",2017-11-08 00:18:03,811504,811504,811754,1.9828,6.5,12655.7768763,9584.4764306,255343.25695788
"58",2017-11-08 00:18:04,811754,811505,811676,0.151,0.01,12655.36301831,9612.1305306,255339.69495788
"59",2017-11-08 00:18:05,811753,811504,811753,1.051,0.1833,12655.06301831,9607.67833034,255320.83495788
"60",2017-11-08 00:18:06,812155,811754,812155,0.5,9.0033,12659.71181758,9605.20153034,255320.98391484
"61",2017-11-08 00:18:07,811899,811754,811898,0.5,0.28,12669.5758763,9608.42381829,255315.98296328
"62",2017-11-08 00:18:08,811754,811601,811753,0.22,0.21500025,12665.15617655,9604.82881854,255314.27089328
"63",2017-11-08 00:18:09,811755,811755,812019,2.21979975,0.023,12655.4154763,9601.41491807,255311.64617327
"64",2017-11-08 00:18:10,812154,812154,812155,4.42761205,17.9,12675.10328909,9608.70422815,255304.54815117
"65",2017-11-08 00:18:11,812155,812000,812155,6,12.24238795,12669.3086763,9601.9493161,255309.79476322
"66",2017-11-08 00:18:12,812156,811760,812156,0.005,4.03842996,12663.44061929,9583.7534161,255326.82925961
"67",2017-11-08 00:18:13,812636,812020,812636,10.62,0.98042914,12669.51961905,9574.9784161,255332.70020961
"68",2017-11-08 00:18:14,812155,812020,812155,2.12,0.2964,12633.59488358,9575.97911453,255340.90913961
"69",2017-11-08 00:18:15,812020,812020,812406,1.01779896,1,12631.82924029,9586.38678683,255341.53213961
"70",2017-11-08 00:18:16,812021,812021,812405,1.665,6.12,12632.00751759,9596.18768955,255339.68009497
"71",2017-11-08 00:18:18,812021,812050,812404,1,0.4,12652.36451734,9539.62439181,255321.22918089
"72",2017-11-08 00:18:19,812403,812050,812403,1,0.986,12661.93951807,9552.72549181,255315.88988473
"73",2017-11-08 00:18:20,812403,812150,812402,0.5,5.82,12668.32471856,9585.96439131,255313.27263231
"74",2017-11-08 00:18:21,812401,812150,812401,0.5,0.35000025,12640.76171831,9608.05629008,255306.71963038
"75",2017-11-08 00:18:22,812051,812051,812400,1.6798,0.3263,12609.61121758,9620.83159132,255294.21250822
"76",2017-11-08 00:18:23,812400,812051,812400,1.2998,0.0263,12637.7312376,9628.61539132,255289.05824326
"77",2017-11-08 00:18:24,812000,812053,812399,0.043,0.3714,12635.68191785,9612.77441982,255290.70036359
"78",2017-11-08 00:18:26,812000,812151,812200,0.54799975,5,12645.44155685,9607.55641858,255270.41503859
"79",2017-11-08 00:18:27,812151,812057,812200,0.005,5,12643.15595783,9602.22731883,255249.39207168
"80",2017-11-08 00:18:28,812151,812057,812199,0.005,5.88200025,12652.96725758,9600.78422031,255245.81386157
"81",2017-11-08 00:18:29,812000,812000,812199,9.51729873,7.07580025,12656.78725807,9600.05402031,255243.98891157
"82",2017-11-08 00:18:30,812001,812001,812198,0.57099975,1.7746,12651.3382566,9604.61582031,255240.34175729
"83",2017-11-08 00:18:31,812001,812001,812198,0.57099975,1.1846,12657.33825831,9605.76981858,255219.08075729
"84",2017-11-08 00:18:32,812001,812001,812197,0.57099975,1.1848,12654.40665758,9606.93841858,255217.51868729
"85",2017-11-08 00:18:33,812000,812000,812001,2.805477,0.08,12633.12383537,9619.10041957,255218.46828096
"86",2017-11-08 00:18:34,812001,812000,812001,2.815477,0.07,12642.51585587,9603.74221858,255216.77973363
"87",2017-11-08 00:18:35,812001,812000,812001,0.805477,0.02,12629.77583488,9613.39221957,255215.83062124
"88",2017-11-08 00:18:36,811611,811754,811999,0.8381,0.6,12625.96241887,9609.29094158,255223.89152886
"89",2017-11-08 00:18:37,811754,811754,811999,0.7191,0.6,12620.81139886,9606.59094256,255204.59358895
"90",2017-11-08 00:18:38,811999,811880,811999,0.01,0.54799975,12622.29980008,9602.01914232,255171.51151465
"91",2017-11-08 00:18:39,811880,811764,811998,1,5.774,12632.07879935,9608.19414262,255161.21594465
"92",2017-11-08 00:18:40,811764,811764,811998,0.6,4.97220074,12629.66982058,9601.92234336,255161.83374391
"93",2017-11-08 00:18:41,811765,811765,811998,1.19,0.1,12632.60729886,9598.25014262,255161.01269391
"94",2017-11-08 00:18:42,812000,811766,812000,0.8088,2.84752275,12613.62695713,9601.96594114,255157.04685418
"95",2017-11-08 00:18:43,811766,811907,811999,0.01,0.6,12631.75327787,9615.67674237,255155.12945296
"96",2017-11-08 00:18:44,811999,811907,811999,0.01,0.1,12632.14256665,9630.6437405,255154.49345296
"97",2017-11-08 00:18:45,811712,811700,811712,0.3,0.16020073,12627.54574737,9627.30394123,255162.37478965
"98",2017-11-08 00:18:46,811999,811978,811999,0.01,0.6277,12635.67768836,9624.89637001,255154.95403252
"99",2017-11-08 00:18:47,812000,811701,812000,1.3822,6.34442324,12630.04282842,9615.03436951,255160.65653335
"100",2017-11-08 00:18:48,811701,811701,812000,1.3722,5.39442324,12630.48234892,9619.75187025,255160.48653335
"101",2017-11-08 00:18:49,812706,812706,813000,0.45,33.1292027,12663.84331624,9573.53186107,255200.02136335
"102",2017-11-08 00:18:50,812706,812706,812999,0.34850113,1.68000025,12646.14651615,9572.83186082,255198.25286222
"103",2017-11-08 00:18:51,812999,812706,812999,0.33850113,1.374033,12662.03449565,9573.09589554,255195.31215322
"104",2017-11-08 00:18:52,812707,812707,812828,0.8874,0.01,12665.21269663,9575.24136082,255193.45315322
"105",2017-11-08 00:18:53,812707,812706,812828,0.33850113,0.01,12657.8585181,9586.70136329,255194.6810842
"106",2017-11-08 00:18:54,812960,812708,812959,0.5,0.6,12663.43431639,9592.46213078,255182.6413172
"107",2017-11-08 00:18:55,812709,812709,812960,6.989,0.913667,12684.81331883,9580.3685293,255179.04026697
"108",2017-11-08 00:18:56,813000,813000,813124,7.2853303,0.01,12680.73762863,9548.67565911,255223.13083667
"109",2017-11-08 00:18:57,813420,813005,813420,0.01,1.69010124,12684.69172912,9541.18675911,255227.49229447
"110",2017-11-08 00:18:58,813337,813006,813420,5.7,1.61010124,12680.22172888,9544.42075911,255232.45043719
"111",2017-11-08 00:18:59,813006,813006,813336,3.153,0.2071,12660.04264563,9532.27695736,255235.10209216
"112",2017-11-08 00:19:00,813006,813040,813187,1,0.01,12661.57154563,9539.95296181,255234.90209216
"113",2017-11-08 00:19:01,813336,813337,813474,0.46,0.2312,12660.20496564,9535.08296057,255236.52659216
"114",2017-11-08 00:19:04,813474,813474,813500,0.34840056,10,12639.56521603,9560.82356074,255232.0289916
"115",2017-11-08 00:19:05,813474,813474,813500,0.34840056,10,12641.14861627,9550.86356049,255231.0268716
"116",2017-11-08 00:19:06,813041,813041,813500,1.66865935,5.2,12629.03707538,9545.2983595,255227.9358716
"117",2017-11-08 00:19:07,813500,813041,813500,1.44865935,4.2,12626.41707514,9545.2983595,255229.1558716
"118",2017-11-08 00:19:08,813500,812941,813417,0.002,1,12634.15873435,9553.45916025,255224.63586746
"119",2017-11-08 00:19:09,813417,813042,813416,1.20000073,0.62,12635.26953557,9557.79536,255217.67544146
"120",2017-11-08 00:19:10,812659,812659,813208,0.01820146,0.513,12632.31273557,9566.32436149,255218.66044028
"121",2017-11-08 00:19:11,813207,812773,813207,0.05,0.55,12632.75553435,9554.37436173,255224.51937028
"122",2017-11-08 00:19:13,813415,812800,813415,0.02,0.92109797,12662.99291481,9547.45945871,255277.59367661
"123",2017-11-08 00:19:14,812774,812774,812850,0.16000664,0.02,12674.87695348,9572.79291045,255276.16772471
"124",2017-11-08 00:19:15,812043,812043,812498,0.20749377,8.16999287,12663.57840845,9584.42790259,255275.10773137
"125",2017-11-08 00:19:16,811001,811001,812498,16.04749523,7.54699189,12678.33480893,9571.10020586,255274.86284682
"126",2017-11-08 00:19:17,812498,812134,812498,0.00010415,3.51417042,12690.25830933,9566.46068489,255278.32561829
"127",2017-11-08 00:19:18,812043,812000,812497,0.78282,1.3141,12695.91946913,9572.14953482,255278.51070151
"128",2017-11-08 00:19:19,812133,812001,812042,2.40000073,1.03219585,12691.42326987,9572.01762895,255255.11539716
"129",2017-11-08 00:19:20,812001,812001,812042,1.19620048,1.02219585,12689.77730885,9571.1606282,255255.96051975
"130",2017-11-08 00:19:21,812042,812002,812042,7,0.24109146,12732.37897658,9600.10502553,255257.32162513
"131",2017-11-08 00:19:22,812400,812400,812458,0.015,0.74109146,12729.75821603,9608.05032726,255257.93557513
"132",2017-11-08 00:19:23,812003,812003,812400,0.36199998,0.76782,12724.10947558,9610.58424553,255257.06257402
"133",2017-11-08 00:19:24,812400,812000,812400,22.50382,0.76671585,12740.19711509,9622.48905264,255258.32071232
"134",2017-11-08 00:19:25,812000,812003,812399,7,0.54876765,12738.19211499,9623.73701904,255252.11344401
"135",2017-11-08 00:19:26,812000,812000,812399,20.43412,1.54336765,12731.88028157,9635.67811972,255257.84798966
"136",2017-11-08 00:19:27,811850,812012,812399,15,1.0446,12730.97081164,9625.72935133,255260.12915959
"137",2017-11-08 00:19:28,812030,812030,812050,0.20890854,0.02,12716.19972018,9624.70194812,255280.67810959
"138",2017-11-08 00:19:29,811983,812006,812050,6.20890854,0.02,12706.40892892,9634.96927993,255281.48810959
"139",2017-11-08 00:19:30,812400,812006,812400,5.07940854,3.71671585,12691.67766913,9625.22907993,255280.33080959
"140",2017-11-08 00:19:31,812000,812203,812396,0.5,7.8523,12687.64786059,9614.19937908,255289.08394101
"141",2017-11-08 00:19:32,812396,812203,812396,0.5,6.6523,12697.39909294,9604.46114673,255288.28394101
"142",2017-11-08 00:19:33,812000,812000,812396,11.35123235,5.2,12695.39909294,9609.48927949,255292.13394101
"143",2017-11-08 00:19:34,812394,812204,812394,0.10123235,0.076,12691.69505955,9602.86404714,255293.65499101
"144",2017-11-08 00:19:35,812000,811942,812000,0.01,0.24086765,12691.05399401,9602.53691479,255300.31412336
"145",2017-11-08 00:19:36,812399,812002,812042,0.5,0.5,12690.61399401,9595.93981602,255301.02412336
"146",2017-11-08 00:19:37,812394,812002,812394,0.5,0.1329,12691.0439281,9601.87627887,255305.09505338
"147",2017-11-08 00:19:38,812002,812001,812394,1.1834,0.1329,12706.85142357,9603.27617936,255303.6869003
"148",2017-11-08 00:19:39,812400,812001,812394,1.1834,0.819,12705.43442381,9606.91227986,255301.57376812
"149",2017-11-08 00:19:40,812400,812003,812398,0.3975353,0.2024647,12706.93195911,9622.81664456,255297.3360721
"150",2017-11-08 00:19:41,812400,812003,812397,0.3975353,0.7745,12702.48740079,9632.7022453,255290.01662402
"151",2017-11-08 00:19:42,811942,811875,811942,0.05,3.3670647,12685.529865,9637.96931123,255289.37399088
"152",2017-11-08 00:19:43,811942,812005,812129,7,0.05,12692.76842552,9631.61888281,255283.21322485
"153",2017-11-08 00:19:44,812005,812005,812129,6.7706353,0.05,12702.48691531,9632.4678822,255281.35662147
"154",2017-11-08 00:19:45,812005,811875,812129,0.05,0.05,12700.03628001,9631.07788072,255280.36592147
"155",2017-11-08 00:19:46,812005,812006,812129,0.3439,0.05,12706.84334004,9585.30888256,255279.49292147
"156",2017-11-08 00:19:47,812005,811877,812000,0.15,1,12697.92197927,9583.98848034,255270.25292147
"157",2017-11-08 00:19:49,812000,811877,811999,0.3439,0.6,12701.37427976,9580.55378083,255265.22823617
"158",2017-11-08 00:19:50,812345,812000,812343,0.3439,0.60000025,12701.77427976,9566.7537796,255263.12016617
"159",2017-11-08 00:19:51,812345,811878,812000,7,0.01,12707.38333857,9574.69706449,255263.12016617
"160",2017-11-08 00:19:52,812343,812001,812343,0.6,0.11000025,12701.23117878,9630.59706424,255253.62016617
"161",2017-11-08 00:19:53,812001,812001,812342,0.25,2.0367,12701.07357878,9634.32776474,255253.86611617
"162",2017-11-08 00:19:54,812001,812000,812342,0.2,0.38,12702.82739548,9635.1570645,255252.77811515
"163",2017-11-08 00:19:55,811602,812002,812341,0.3329,0.6,12717.62785403,9638.90106376,255238.77011515
"164",2017-11-08 00:19:56,812340,812001,812340,7,3.08671585,12723.52379375,9633.44878045,255234.54568724
"165",2017-11-08 00:19:57,812340,812001,812340,7,2.38671585,12723.41995354,9632.74878045,255235.24268724
"166",2017-11-08 00:19:58,812340,812000,812340,6.11829876,0.59171585,12710.64579497,9626.15377946,255236.8414871
"167",2017-11-08 00:19:59,812338,812000,812338,6.11829876,6.7,12719.18595427,9664.05096361,255233.20188686
"168",2017-11-08 00:20:00,812340,812000,812340,6.11829876,0.7113,12721.1713957,9655.07096311,255242.50188686
"169",2017-11-08 00:20:01,812339,812000,812339,6.11829876,0.60000025,12712.7538582,9654.2796641,255243.61056178
"170",2017-11-08 00:20:02,812338,812001,812338,1.8622,6.7,12717.01705917,9663.3032646,255245.11256076
"171",2017-11-08 00:20:03,812001,812001,812144,1.56019992,0.01,12729.91205934,9645.98876216,255245.6159663
"172",2017-11-08 00:20:04,812000,812000,812337,4.41829876,0.3615,12716.24401823,9654.22766362,255247.4752663
"173",2017-11-08 00:20:05,812000,812000,812144,61.01953111,0.01,12778.09559104,9662.47016511,255265.79302395
"174",2017-11-08 00:20:06,812000,812000,812144,61.01953111,0.01,12773.78075205,9670.93816536,255264.84391395
"175",2017-11-08 00:20:07,812000,812001,812144,0.21784021,0.01,12773.58205608,9688.29996511,255264.75302395
"176",2017-11-08 00:20:08,812345,812001,812345,1.90514021,9.62430223,12775.76935706,9668.47246437,255274.70302395
"177",2017-11-08 00:20:09,812100,812100,812345,4.94,7.17430223,12781.87329334,9676.22246585,255279.37684395
"178",2017-11-08 00:20:10,812345,812101,812197,1.8208,0.01,12805.65439303,9680.60496585,255279.19834402
"179",2017-11-08 00:20:11,812345,812101,812345,2.0913,4.55480223,12880.61589327,9683.3049666,255279.09429402
"180",2017-11-08 00:20:12,812345,812101,812345,2.0913,4.39480223,12880.61589327,9683.1449666,255279.39429402
"181",2017-11-08 00:20:13,812345,812102,812345,9.0922,2.59480223,12884.42189378,9683.7315666,255272.52409402
"182",2017-11-08 00:20:14,812499,812144,812499,0.00179896,8.30770594,12886.13399274,9681.14076833,255268.12409402
"183",2017-11-08 00:20:15,812499,812144,812499,0.00179896,0.20000099,12858.40259191,9647.43306585,255274.22302402
"184",2017-11-08 00:20:16,812499,812144,812499,0.00179896,6.471,12851.86249647,9655.9740666,255276.35197402
"185",2017-11-08 00:20:17,812848,812500,812848,5,12.57900544,12857.33249573,9615.25306685,255276.63577402
"186",2017-11-08 00:20:18,812848,812500,812847,4.21718,0.6534,12893.58097671,9605.45946685,255271.07872402
"187",2017-11-08 00:20:19,812848,812501,812848,0.8705,2.24240544,12902.60777671,9595.50576685,255276.96003818
"188",2017-11-08 00:20:20,813000,812501,812999,2.8344,9.60000074,12896.84577702,9580.53836759,255293.90703818
"189",2017-11-08 00:20:21,813000,812502,812846,0.043,0.0904,12885.17055595,9586.89858286,255292.78583818
"190",2017-11-08 00:20:22,813480,813005,813480,2.20774285,1.061,12940.91819434,9550.97157742,255325.22408013
"191",2017-11-08 00:20:23,813480,813000,813479,18.81173642,3.00000124,12948.5154503,9542.38287792,255322.47403112
"192",2017-11-08 00:20:24,813499,813221,813499,2,10.62633922,12889.75367769,9534.88621615,255321.62213865
"193",2017-11-08 00:20:25,812850,812800,812850,0.02,0.77,12791.90670068,9554.76355859,255317.97013927
"194",2017-11-08 00:20:26,812706,812707,812850,0.043,0.77,12785.59386428,9562.09977884,255315.28443927
"195",2017-11-08 00:20:27,813155,813006,813155,0.09849992,0.1296,12790.15811845,9566.28727512,255313.10687233
"196",2017-11-08 00:20:28,813499,813006,813499,0.09849992,1.9425977,12791.93086322,9575.58627537,255319.20672477
"197",2017-11-08 00:20:29,813499,813006,813156,0.09849992,0.00149917,12804.86956395,9584.60677479,255317.9341553
"198",2017-11-08 00:20:30,813496,813006,813156,0.09849992,1.8,12818.21698444,9578.07877454,255305.4214553
"199",2017-11-08 00:20:32,812713,812713,813155,3.36200147,2,12791.00624139,9548.09705511,255310.55275044
"200",2017-11-08 00:20:33,813155,813002,813155,0.043,1.95,12815.45234041,9626.08515585,255305.02204044
"201",2017-11-08 00:20:34,812995,812712,812995,3.62349992,29.3036,12825.40370173,9702.85278038,255304.12173814
"202",2017-11-08 00:20:35,812995,812715,812995,0.5365,28.70359902,12865.92174748,9738.5394044,255300.53910147
"203",2017-11-08 00:20:36,812706,812706,812995,0.86300089,28.65019902,12797.31664772,9724.93840818,255308.02269912
"204",2017-11-08 00:20:37,812994,812706,812994,0.86300089,0.2719,12776.99660295,9752.0721584,255302.75922912
"205",2017-11-08 00:20:38,812995,812707,812900,2.54925545,0.8,12780.44160317,9741.4794584,255300.23907391
"206",2017-11-08 00:20:39,812995,812895,812965,0.002,1,12756.87964967,9702.90695997,255300.87707391
"207",2017-11-08 00:20:40,812995,812895,812900,0.002,11,12764.97664918,9754.61376052,255300.87705722
"208",2017-11-08 00:20:41,812900,812895,812899,0.002,0.6,12767.49664918,9747.59376003,255303.17605722
"209",2017-11-08 00:20:42,812707,812707,812895,1.70000024,0.998,12765.60664747,9765.94375905,255294.73930452
"210",2017-11-08 00:20:43,812707,812707,812894,0.60000098,0.6,12759.72564772,9757.30875732,255293.89826784
"211",2017-11-08 00:20:44,812900,812707,812900,1.00000122,8.38969927,12760.42664806,9747.80045806,255298.36746784
"212",2017-11-08 00:20:45,812899,812708,812895,1.5878,0.5,12761.57670304,9772.71238505,255299.61746784
"213",2017-11-08 00:20:46,812800,812708,812800,0.01,9.99,12759.30364781,9781.84138505,255296.94300519
"214",2017-11-08 00:20:47,812706,812701,812706,2.10498,5.03919765,12750.6915257,9783.48058319,255302.65892657
"215",2017-11-08 00:20:48,812706,812702,812706,0.6,3.93419667,12792.41652741,9767.21348172,255296.88052682
"216",2017-11-08 00:20:49,812701,812483,812700,0.01,3.89502,12784.3015479,9773.42410172,255290.37312415
"217",2017-11-08 00:20:50,812700,812500,812700,0.1,3.01502,12796.99154888,9762.78410122,255286.61520585
"218",2017-11-08 00:20:51,812477,812400,812700,0.091,3.01502,12785.54454619,9769.69342746,255278.71916117
"219",2017-11-08 00:20:52,812699,812400,812699,0.091,1.8743,12794.39014717,9769.97852721,255276.80836191
"220",2017-11-08 00:20:53,812477,812477,812680,0.76282,11.8,12792.20606893,9780.26556107,255275.62888275
"221",2017-11-08 00:20:54,812699,812479,812699,0.4,1.87186351,12796.56190859,9766.66312434,255265.24794925
"222",2017-11-08 00:20:55,812699,812479,812699,0.4,1.87186351,12796.60640859,9766.66312434,255265.04786974
"223",2017-11-08 00:20:56,811502,811502,812699,12.00888934,1.87186351,12786.90640957,9760.99894458,255274.44371925
"224",2017-11-08 00:20:57,811502,811503,812050,0.71,0.02,12796.24640957,9763.27008107,255263.89371925
"225",2017-11-08 00:20:58,812292,812292,812518,0.457,2.5829,12800.65256881,9773.31498205,255264.44271987
"226",2017-11-08 00:20:59,812518,812292,812518,0.457,0.0429,12794.5976807,9771.0729823,255261.03166987
"227",2017-11-08 00:21:00,812293,812294,812499,0.38,0.7578,12804.0907444,9761.48288082,255241.53166987
"228",2017-11-08 00:21:01,812295,812295,812499,0.67737827,0.7578,12801.38162169,9764.18188314,255223.1528241
"229",2017-11-08 00:21:02,812295,812295,812499,0.4,0.7578,12800.36114342,9764.18188314,255211.86919161
"230",2017-11-08 00:21:03,812295,812295,812494,0.4,0.005,12811.7892444,9763.74258254,255184.38959797
"231",2017-11-08 00:21:04,812292,812002,812494,0.12,0.005,12810.9322444,9763.74258254,255185.22659797
"232",2017-11-08 00:21:05,812296,812002,812292,0.17,0.1036,12807.38224318,9764.12618254,255147.77834919
"233",2017-11-08 00:21:06,812296,812173,812518,0.01,0.12,12798.51614318,9756.94008156,255119.04809526
"234",2017-11-08 00:21:07,812296,812173,812497,0.01,0.3383,12796.6472444,9756.27838156,255100.48139358
"235",2017-11-08 00:21:08,812173,812003,812295,0.32,0.3169,12824.5486444,9766.03798304,255059.60127046
"236",2017-11-08 00:21:09,812173,812003,812295,1.01,0.3169,12822.62089939,9760.96798205,255039.25717046
"237",2017-11-08 00:21:10,812173,812003,812294,0.12,0.6,12819.75714489,9764.13468205,255030.05717046
"238",2017-11-08 00:21:11,812294,812034,812294,0.12,6.19520116,12791.36940012,9759.92988296,255012.63031079
"239",2017-11-08 00:21:12,812294,812034,812293,1,0.59520116,12789.73614489,9760.16788398,255008.35228597
"240",2017-11-08 00:21:13,812293,812035,812293,0.32,1.18800221,12786.88414465,9760.76068503,254993.64762491
"241",2017-11-08 00:21:14,812293,812202,812293,0.05,0.58800221,12777.93614416,9760.1606838,254975.37762323
"242",2017-11-08 00:21:15,812293,812202,812293,0.05,0.78800221,12791.73614514,9760.59068306,254972.57662298
"243",2017-11-08 00:21:16,812293,812202,812293,0.05,0.78800221,12791.38182406,9761.24168361,254962.27462081
"244",2017-11-08 00:21:17,812293,812202,812292,0.05,0.1184,12782.88182259,9760.00018361,254961.68073663
"245",2017-11-08 00:21:18,812292,812036,812292,0.12,0.68130314,12778.58182333,9757.85508429,254959.0898537
"246",2017-11-08 00:21:19,812000,812002,812291,0.45,0.58650314,12784.49950037,9759.70498866,254952.20053313
"247",2017-11-08 00:21:20,812001,812001,812291,0.205,0.58650314,12772.89949988,9759.10498841,254952.99753313
"248",2017-11-08 00:21:21,811626,811626,812292,4.0000022,1.2261,12769.69449988,9758.74458552,254949.14625035
"249",2017-11-08 00:21:22,812292,812001,812292,0.19,1.37620014,12749.84652626,9758.01428813,254946.02575021
"250",2017-11-08 00:21:23,812292,812001,812292,0.19,1.37620014,12749.79652626,9737.290088,254945.87575021
"251",2017-11-08 00:21:24,812050,811501,812050,0.60000049,0.01519996,12746.32122797,9732.16491179,254937.34895026
"252",2017-11-08 00:21:25,811627,811627,812050,1.5711,0.01519996,12743.2923265,9746.26891278,254874.48409026
"253",2017-11-08 00:21:26,811300,811300,812050,2.19852907,0.01519996,12698.2923265,9742.0689113,254912.69409026
"254",2017-11-08 00:21:27,811300,811627,811656,0.3494,0.03,12699.37082748,9766.94998786,254897.52608882
"255",2017-11-08 00:21:28,811401,811401,812020,6.98507228,1,12696.71406059,9768.37420836,254822.37101654
"256",2017-11-08 00:21:29,811021,811302,811650,0.13,0.02,12700.47429731,9759.97234876,254814.24101654
"257",2017-11-08 00:21:30,811036,811036,811399,0.2119,0.013,12687.73639682,9750.51655009,254815.24001653
"258",2017-11-08 00:21:31,811399,811021,811399,1.80000147,0.007,12691.52449682,9695.59817977,254809.4439187
"259",2017-11-08 00:21:32,811399,811104,811399,0.26,0.207,12705.59709779,9700.33482935,254791.51851652
"260",2017-11-08 00:21:33,811394,811235,811394,0.01,0.00350053,12686.80709779,9706.05538203,254804.14901598
"261",2017-11-08 00:21:34,811235,811104,811200,1.2,9.99,12684.41709706,9724.71785279,254800.35901598
"262",2017-11-08 00:21:35,811200,811105,811200,0.15,9.79,12687.98579392,9748.04152787,254793.15794598
"263",2017-11-08 00:21:36,811105,811105,811199,0.1,2.11842542,12692.13736567,9752.20595329,254792.80983705
"264",2017-11-08 00:21:37,811000,811000,811200,19.58206408,9.36685367,12685.64636616,9744.1543803,254794.01183633
"265",2017-11-08 00:21:38,811200,811200,811650,4.09744608,0.02,12680.78981158,9734.04552515,254800.98439025
"266",2017-11-08 00:21:39,811200,811200,811650,6.3824441,0.011,12683.41253378,9752.70652603,254749.85839223
"267",2017-11-08 00:21:40,811001,811002,811650,0.16,0.011,12675.6435323,9747.50452603,254738.50839322
"268",2017-11-08 00:21:41,811000,810833,811000,0.2,9.76699323,12663.26830282,9766.02251926,254751.34649999
"269",2017-11-08 00:21:42,811000,810833,810999,0.2,0.29157175,12673.68630429,9765.14176111,254739.14392824
"270",2017-11-08 00:21:43,811000,810770,810999,25.0408,1.8238,12674.50630527,9763.22616135,254758.16094824
"271",2017-11-08 00:21:44,810770,810770,810999,15.5308,1.71900096,12637.88020326,9683.60856038,254762.29264728
"272",2017-11-08 00:21:45,810999,810892,810999,0.05,1.16900096,12647.83020351,9696.48658697,254763.12659728
"273",2017-11-08 00:21:46,810530,810530,810770,23.558,6.7192,12637.55794696,9689.205011,254774.53915224
"274",2017-11-08 00:21:47,810530,810530,810770,19.23878,6.42762825,12669.91595586,9707.84276725,254776.45614483
"275",2017-11-08 00:21:48,810600,810530,810600,10.49878,9.99820094,12691.33655596,9740.88701199,254781.58804389
"276",2017-11-08 00:21:49,810290,810290,810600,30.63038953,9.99820094,12604.43722411,9723.08741125,254789.69386334
"277",2017-11-08 00:21:51,810291,810290,810291,1.5,0.38,12605.62832557,9770.77672049,254799.12158332
"278",2017-11-08 00:21:52,810290,810290,810291,1.0335,0.07800092,12616.47182581,9764.23169637,254798.35208218
"279",2017-11-08 00:21:53,810050,810050,810399,1.3952605,0.92,12606.71282483,9725.71972419,254822.13503145
"280",2017-11-08 00:21:54,810050,810051,810290,30,0.4703,12635.18152459,9689.10492295,254815.88329246
"281",2017-11-08 00:21:55,810290,810060,810290,7.69687175,0.43718,12707.11839634,9704.3734027,254815.70561246
"282",2017-11-08 00:21:56,810060,810060,810289,11.64917175,0.89157175,12765.90699586,9688.15837002,254811.48501321
"283",2017-11-08 00:21:58,810397,810397,810398,1.4308,3.60000149,12784.83705307,9778.89741769,254801.16111619
"284",2017-11-08 00:21:59,810397,810291,810397,0.89157175,0.17732,12794.19872531,9777.1481367,254796.99191619
"285",2017-11-08 00:22:00,810398,810955,811089,0.1,0.32,12803.59229294,9753.2745162,254822.76201726
"286",2017-11-08 00:22:01,810999,810955,810999,0.1,0.92082998,12810.4722927,9763.89534692,254826.24118901
"287",2017-11-08 00:22:02,810420,810420,810998,13.7599995,1.5,12822.25856721,9764.55737294,254814.29863317
"288",2017-11-08 00:22:03,810998,810420,810998,13.7599995,0.79,12817.79136225,9768.6773759,254804.43863317
"289",2017-11-08 00:22:04,811390,810530,810790,4,0.02550582,12828.20385041,9769.63118222,254786.79050813
"290",2017-11-08 00:22:05,810790,810530,811089,4,0.1077,12804.21561905,9773.63390076,254781.86677395
"291",2017-11-08 00:22:06,811441,811441,811599,1.023935,6.30000396,12807.14805307,9767.26165428,254783.63183895
"292",2017-11-08 00:22:07,811056,810998,811389,1,0.0538,12792.97201857,9809.99151878,254774.52302119
"293",2017-11-08 00:22:08,810999,811003,811388,0.005,0.0538,12788.61701955,9797.19151483,254766.13573119
"294",2017-11-08 00:22:09,810999,811003,811400,0.005,0.196,12903.2841192,9815.99261483,254733.45868752
"295",2017-11-08 00:22:10,811400,811003,811400,0.005,0.186,12906.83411993,9861.48261656,254729.14058818
"296",2017-11-08 00:22:11,810998,810998,811399,0.579,0.7898,12908.98721993,9866.21351706,254724.00741818
"297",2017-11-08 00:22:12,810998,810999,811398,0.05,0.59,12907.81521905,9868.80351533,254722.44651488
"298",2017-11-08 00:22:13,810998,810999,811132,0.05,0.08,12879.85001882,9855.29351558,254718.84651488
"299",2017-11-08 00:22:14,811398,810999,811020,0.05,0.1,12886.22812005,9845.13571455,254711.58321388
"300",2017-11-08 00:22:15,810999,810999,811020,0.04820094,0.1,12896.95062202,9857.52725227,254704.30401294
"301",2017-11-08 00:22:16,811020,810999,811000,0.12379986,0.31718,12896.56718194,9859.92083116,254701.61569105
"302",2017-11-08 00:22:17,811380,810999,811380,2.55661986,0.081,12891.09610194,9844.79464894,254700.16187105
"303",2017-11-08 00:22:18,810999,810999,811380,2.55512049,0.081,12891.09460159,9842.46554922,254698.34876812
"304",2017-11-08 00:22:19,810999,811020,811337,1,2,12886.69583659,9842.06554848,254697.27171312
"305",2017-11-08 00:22:20,811388,811020,811388,1,1.97609902,12896.06933708,9843.50694849,254698.27561314
"306",2017-11-08 00:22:21,811388,811190,811388,0.1,6.97609902,12876.21023684,9846.29694849,254689.2734291
"307",2017-11-08 00:22:22,811000,810999,811000,0.27905549,4.371,12885.9472361,9851.31614849,254684.36746128
"308",2017-11-08 00:22:23,811000,810999,811000,0.27905549,3.571,12887.42419237,9861.66695093,254684.01719128
"309",2017-11-08 00:22:24,811000,810999,811000,0.27905549,3.571,12897.67819286,9854.36695018,254681.7454905
"310",2017-11-08 00:22:25,811000,810999,811000,0.27905549,3.571,12897.67819286,9854.36695018,254681.7554905
"311",2017-11-08 00:22:26,811000,810999,811000,0.27905549,3.171,12895.97089212,9842.39085042,254667.0944405
"312",2017-11-08 00:22:27,810999,810999,811000,0.27725643,3.171,12895.61934885,9872.25085091,254644.38362246
"313",2017-11-08 00:22:28,811000,810999,811000,0.27725643,2.171,12887.22934812,9881.65085116,254640.48823629
"314",2017-11-08 00:22:29,810800,810800,811000,0.56495155,1.701,12896.39554861,9916.50705314,254622.53313629
"315",2017-11-08 00:22:30,810800,810800,811000,0.56495155,1.701,12896.29554861,9916.47705314,254622.53313629
"316",2017-11-08 00:22:31,810998,810998,810999,1.9,0.00149937,12898.17554787,9924.11455078,254619.66768339
"317",2017-11-08 00:22:32,810998,810998,810999,1.9,0.60149937,12895.31934763,9935.01455449,254617.56806629
"318",2017-11-08 00:22:33,810600,810600,810999,9.58875155,0.35759937,12885.493436,9912.57865063,254610.49406741
"319",2017-11-08 00:22:34,810600,810600,810999,7.08875155,0.00149937,12892.61343649,9912.22255063,254612.99306741
"320",2017-11-08 00:22:35,810600,810601,810910,0.01,2,12989.80343649,9921.45254989,254610.07919705
"321",2017-11-08 00:22:36,810070,810397,810784,9.3,0.99,12962.55907902,9945.89545717,254640.07514697
"322",2017-11-08 00:22:37,810070,810397,810784,9.3,0.99,12962.56007912,9956.61745791,254640.07514697
"323",2017-11-08 00:22:38,810531,810531,810850,0.2401,0.02,12973.90018034,9946.88445692,254629.53114697
"324",2017-11-08 00:22:39,810397,810397,810783,6.11,1.4598,12958.50007986,9959.22445717,254629.12556197
"325",2017-11-08 00:22:40,810397,810397,810783,6.11,1.4598,12966.30008158,9958.63545717,254628.52556197
"326",2017-11-08 00:22:41,810397,810745,810908,0.01,1.4358,12963.71118133,9950.60045717,254625.22556197
"327",2017-11-08 00:22:42,810908,810745,810782,0.01,0.6,12969.45508206,9972.97445767,254625.49556197
"328",2017-11-08 00:22:43,810908,810784,810806,0.00199938,0.492,12954.87608085,9967.15095781,254622.68916197
"329",2017-11-08 00:22:44,810397,810399,810805,0.5764,0.6,12960.23248257,9949.55345675,254628.67916197
"330",2017-11-08 00:22:45,810397,810399,810805,0.5764,0.6,12945.87639588,9940.61815791,254627.97809197
"331",2017-11-08 00:22:46,810805,810399,810804,0.5764,1.4511,12976.40619618,9918.04575841,254628.47604197
"332",2017-11-08 00:22:47,810806,810500,810806,3,0.442,12986.58029569,9907.42865693,254626.41904197
"333",2017-11-08 00:22:48,810500,810500,810795,2.977,2,12982.12029569,9915.00065743,254610.94411205
"334",2017-11-08 00:22:49,810500,810500,810795,2.977,2,12990.91439618,9909.80065767,254610.90748805
"335",2017-11-08 00:22:50,810500,810501,810795,1.082,2,12986.08949618,9907.10765643,254611.48442925
"336",2017-11-08 00:22:51,810501,810501,810795,0.49,2,12984.45549618,9913.75365766,254605.19158925
"337",2017-11-08 00:22:52,810501,810501,810795,0.49,2,12977.66449618,9904.05365716,254596.65346925
"338",2017-11-08 00:22:53,810501,810673,810745,0.01,0.00179956,12997.35849667,9903.95545672,254596.65346925
"339",2017-11-08 00:22:54,810795,810502,810794,0.5736,0.11,13002.15909643,9909.43545573,254597.33530975
"340",2017-11-08 00:22:55,810999,810500,810999,1.477,0.47379956,13002.82449594,9898.43545573,254601.3453095
"341",2017-11-08 00:22:56,810790,810672,810745,0.01,0.2,13004.56019741,9901.96745672,254604.4233095
"342",2017-11-08 00:22:57,810672,810502,810998,0.47,0.24,13003.82019667,9902.20445654,254604.8953095
"343",2017-11-08 00:23:00,810500,810616,811099,0.521,1.80000099,13026.07328233,9922.02615803,254608.23182035
"344",2017-11-08 00:23:01,811098,810618,811100,0.176,0.80480055,13040.89148257,9918.03365803,254624.73711774
"345",2017-11-08 00:23:02,811100,810883,811100,0.01,0.12880055,13042.79208232,9919.93915853,254625.82604774
"346",2017-11-08 00:23:03,811100,810883,811100,0.01,0.12880055,13015.4192806,9915.67445765,254604.96604774
"347",2017-11-08 00:23:04,811100,811016,811231,0.01,0.22192966,13021.42927987,9919.32565809,254599.97449829
"348",2017-11-08 00:23:05,810618,810618,811231,0.245,0.22192966,13014.86277987,9906.35855809,254600.3477882
"349",2017-11-08 00:23:06,810618,810618,811231,1.01,0.22192966,13018.71357987,9903.34865834,254599.6877882
"350",2017-11-08 00:23:07,810618,810619,811230,0.6226,1.4908,13017.46717993,9903.63245834,254598.6806882
"351",2017-11-08 00:23:08,810616,810616,811230,0.1436,1.4908,13014.35418263,9906.89245884,254598.58068725
"352",2017-11-08 00:23:09,810616,810621,811226,0.38,0.005,13022.71538165,9903.77965785,254594.8096163
"353",2017-11-08 00:23:10,810616,810616,811229,4.5251,1.6822,12999.61568018,9932.14985859,254591.1296163
"354",2017-11-08 00:23:11,810616,810620,811228,5,0.6,13004.61968018,9932.89985859,254591.1296163
"355",2017-11-08 00:23:12,810616,811000,811051,10,0.521,13028.7486814,9933.83495809,254589.1286163
"356",2017-11-08 00:23:13,810616,811000,811051,10,0.521,13020.07408091,9934.33995809,254584.2186163
"357",2017-11-08 00:23:14,810616,811000,811051,10,0.53295369,13020.27507989,9954.45091167,254583.8535163
"358",2017-11-08 00:23:15,811231,811001,811231,6.991,0.50292966,13031.89797964,9947.53685699,254584.13954369
"359",2017-11-08 00:23:16,811231,811051,811230,0.521,0.6,13032.18292466,9950.15501211,254569.40114049
"360",2017-11-08 00:23:17,811051,811051,811230,0.50904631,0.4,13013.92396966,9939.75501137,254549.74209347
"361",2017-11-08 00:23:18,811051,811000,811229,9.5481,0.31,13013.43672345,9942.39581211,254542.96758045
"362",2017-11-08 00:23:19,811050,811052,811230,0.09820104,0.4,13015.95592523,9937.79031384,254536.24318008
"363",2017-11-08 00:23:21,811001,811001,811046,0.6,0.01195379,13017.52492449,9934.97226788,254538.01782936
"364",2017-11-08 00:23:22,811001,811002,811046,0.6,0.01195379,13018.72692523,9934.41933822,254521.13900213
"365",2017-11-08 00:23:23,811001,811005,811046,0.005,0.01195379,13023.54082572,9935.96673822,254506.06558163
"366",2017-11-08 00:23:24,811000,811000,811230,5.02030104,1.5474,13018.80682572,9927.58678146,254483.97153542
"367",2017-11-08 00:23:25,811000,811002,811230,0.6,1.5474,13018.14682596,9958.82678245,254482.36553542
"368",2017-11-08 00:23:26,811000,811000,811051,5.02030104,0.00134887,13014.26682548,9962.09813404,254480.60227542
"369",2017-11-08 00:23:27,811229,811000,811228,5.02030104,7,13021.47782621,9959.70528443,254456.95427542
"370",2017-11-08 00:23:28,811000,811002,811228,1,8.4106,13020.68462621,9966.0995832,254447.57184461
"371",2017-11-08 00:23:29,811002,811002,811046,0.205,0.01195379,13017.20382621,9942.60093476,254434.58632174
"372",2017-11-08 00:23:30,811002,811003,811046,1.0621,0.01195379,13013.25672621,9952.2009355,254433.53032174
"373",2017-11-08 00:23:31,811336,811003,811336,1.0621,0.53395379,13022.03672523,9970.2149355,254430.75907103
"374",2017-11-08 00:23:32,811227,811090,811227,0.2,0.35134887,13017.98537587,9969.86628561,254424.91906049
"375",2017-11-08 00:23:33,811230,811230,811649,9.24865113,1.42195528,13032.06002769,9974.31493773,254423.72751865
"376",2017-11-08 00:23:34,811250,811250,811414,1.04244566,0.01,13028.46217409,10003.71978319,254414.87700299
"377",2017-11-08 00:23:35,811499,811230,811499,5.29109679,0.4100005,13011.99097409,9965.3846333,254420.19550322
"378",2017-11-08 00:23:36,811500,811347,811500,0.01,28.7200005,13014.89197409,9979.29263774,254420.61550322
"379",2017-11-08 00:23:37,811650,811347,811650,0.01,2.55428986,13003.09302163,9948.53651792,254448.40309107
"380",2017-11-08 00:23:38,811650,811500,811650,1,0.05428986,13019.41880908,9946.23651792,254437.68795107
"381",2017-11-08 00:23:39,811987,811987,812000,0.0498,3.86723326,13031.08595795,9943.73651792,254439.85015107
"382",2017-11-08 00:23:40,812000,811987,811997,0.0498,0.60000099,13032.38864531,9941.61184808,254442.86715141
"383",2017-11-08 00:23:41,811501,811502,811987,1.2597,0.0498,13027.64785771,9940.68294635,254443.60093282
"384",2017-11-08 00:23:42,812003,811600,811994,0.491,4.5236649,13017.08705673,9946.4929471,254448.39368216
"385",2017-11-08 00:23:43,811994,811790,811974,0.1,0.491,13011.78524384,9949.24435105,254446.33368216
"386",2017-11-08 00:23:44,811993,811230,811994,4.714296,4.0036649,13011.16659442,9962.86734809,254443.30360466
"387",2017-11-08 00:23:45,811555,811555,811993,0.005,0.6763,13018.74290658,9954.44398541,254449.80360466
"388",2017-11-08 00:23:46,811992,811555,811992,0.005,1.4549,13004.05329393,9974.83788442,254448.3037042
"389",2017-11-08 00:23:47,811992,811555,811992,0.005,2.60624887,13019.87070731,9995.13383724,254416.2837042
"390",2017-11-08 00:23:48,811992,811826,811992,0.02024859,2.30624887,13010.76634399,10003.86293724,254400.19272161
"391",2017-11-08 00:23:49,811826,811892,811991,0.002,1.15134887,13015.2416954,10009.77463798,254383.66767161
"392",2017-11-08 00:23:50,811230,811231,811500,0.51,0.632,13009.0526954,10010.49328467,254364.33067161
"393",2017-11-08 00:23:51,811230,811231,811969,0.60000049,0.445,13018.87630952,9978.95033378,254299.03922536
"394",2017-11-08 00:23:52,811230,811232,811499,0.48,1.15134887,13010.3023089,9974.15663403,254278.77422474
"395",2017-11-08 00:23:53,811231,811232,811499,0.11,1.15134887,13006.22730915,9974.88163403,254267.29362474
"396",2017-11-08 00:23:54,811968,811232,811967,0.3,1.15134887,13011.21730915,9964.7129829,254262.59362474
"397",2017-11-08 00:23:55,811968,811390,811968,0.01,0.3162,13016.15730768,9960.14948738,254254.59362474
"398",2017-11-08 00:23:56,811233,811233,811966,7.768,0.6000005,13016.89900817,9956.39459918,254250.47034027
"399",2017-11-08 00:23:57,811955,811233,811955,6.988,4.996,13015.20900768,9971.54059968,254237.12434027
"400",2017-11-08 00:23:58,811234,811235,811955,0.19,5.496,12999.96190939,9962.90078467,254235.43194121
"401",2017-11-08 00:23:59,811234,811619,811950,0.01,0.1,12991.34315755,9964.85789893,254224.52194121
"402",2017-11-08 00:24:00,811950,811619,811950,0.01,0.05,12995.69004539,9965.10319893,254221.99309121
"403",2017-11-08 00:24:01,811950,811619,811945,0.01,2,13001.79240871,9959.14608689,254215.98202121
"404",2017-11-08 00:24:02,811945,811619,811944,0.01,0.2872,13007.88269655,9953.62568942,254213.32306122
"405",2017-11-08 00:24:03,811945,811619,811944,0.01,12.04031377,12993.89951161,9964.57880319,254210.57796122
"406",2017-11-08 00:24:04,811001,811237,811944,0.15,12.04031377,12846.65969824,9970.90339924,254218.17691122
"407",2017-11-08 00:24:05,811237,811001,811152,0.60000049,0.295,12847.12969873,9961.59839874,254218.32211178
"408",2017-11-08 00:24:06,811943,811237,811649,0.5698,6.75711377,12804.10032045,9964.71313849,254220.50611178
"409",2017-11-08 00:24:07,811151,811300,811649,0.67732,6.75711377,12795.37918021,9999.57913849,254217.66341012
"410",2017-11-08 00:24:08,811300,811560,811648,0.1,0.5536,12781.88218119,10007.10803819,254210.42770604
"411",2017-11-08 00:24:09,811300,811200,811300,0.02,0.03368,12787.09369921,9996.03647719,254201.74645724
"412",2017-11-08 00:24:10,811300,811200,811300,0.02,0.03368,12782.29369897,9996.03647719,254201.61772794
"413",2017-11-08 00:24:11,811200,811200,811560,0.015,1.49625141,12789.88631308,9988.79357335,254186.27444077
"414",2017-11-08 00:24:12,811560,811200,811559,0.015,6.32265376,12786.63161308,9999.3990281,254184.88639021
"415",2017-11-08 00:24:13,811004,811004,811355,0.59660624,0.01,12786.87221918,10005.57138959,254184.89277939
"416",2017-11-08 00:24:14,811355,811115,811555,0.512,0.01194499,12789.77991863,9998.31192532,254181.98302798
"417",2017-11-08 00:24:15,811559,811115,811558,0.512,0.80339401,12790.76911863,9990.86146357,254175.53632541
"418",2017-11-08 00:24:16,811559,811115,811558,0.512,2.28339426,12785.59451215,9983.50686408,254168.93197798
"419",2017-11-08 00:24:17,811557,811116,811312,1.8911,0.01,12794.96561117,9994.54366141,254157.74677742
"420",2017-11-08 00:24:18,811556,811116,811532,0.39660624,0.512,12789.47401702,10000.24766938,254164.04677742
"421",2017-11-08 00:24:19,811117,811117,811532,0.8424,0.307,12793.39881152,10000.20557273,254156.83015507
"422",2017-11-08 00:24:20,811531,811118,811530,0.6,1.2,12807.85791176,10002.15027105,254160.80897928
"423",2017-11-08 00:24:21,811531,811002,811200,0.6,0.00199958,12807.50841225,9992.81421498,254160.81097806
"424",2017-11-08 00:24:22,811529,811119,811200,1.3387,0.3,12799.24711201,9989.00380801,254160.79990806
"425",2017-11-08 00:24:23,811529,811000,811199,0.98160104,2.08229931,12796.89841201,10005.8692536,254154.78890806
"426",2017-11-08 00:24:24,811199,811001,811199,0.6,0.08729931,12795.79741127,9999.2312536,254156.44660806
"427",2017-11-08 00:24:25,811199,811001,811200,0.6,0.3,12795.20841078,10005.86395355,254156.14660806
"428",2017-11-08 00:24:26,811199,811001,811116,1.9954,0.00149917,12806.20381127,10012.12545346,254151.24960639
"429",2017-11-08 00:24:27,811116,811001,811200,1.3954,0.3,12807.20381176,10001.55395355,254137.97610295
"430",2017-11-08 00:24:28,811116,811041,811200,0.001,0.3,12804.81041289,10004.16575479,254131.77096444
"431",2017-11-08 00:24:29,811116,811041,811200,0.001,0.3,12805.71391313,10001.38575355,254109.74789556
"432",2017-11-08 00:24:30,811002,811119,811200,5,0.3,12809.34641313,10009.3887575,254086.98276556
"433",2017-11-08 00:24:31,811200,811135,811200,0.031,0.17,12803.85191215,10000.69875553,254075.96276485
"434",2017-11-08 00:24:32,811200,811135,811200,0.031,0.17,12808.65391239,10009.06465577,254075.44796491
"435",2017-11-08 00:24:33,811136,811119,811299,5,0.01,12813.34091313,9996.84065577,254069.13112724
"436",2017-11-08 00:24:34,811136,811119,811299,5,0.01,12813.32091313,9996.83865577,254069.09112724
"437",2017-11-08 00:24:35,811136,811120,811299,1.0745,0.01,12812.79741313,9995.2332538,254060.63575827
"438",2017-11-08 00:24:36,811136,811168,811200,0.0514,0.03,12805.47881265,9999.2932543,254049.55446888
"439",2017-11-08 00:24:37,811200,811120,811299,1.0745,0.01,12803.68941889,9964.8446543,254047.11341888
"440",2017-11-08 00:24:38,811200,811120,811299,1.0745,0.01,12798.84841865,9960.24465331,254046.05341888
"441",2017-11-08 00:24:39,811200,811120,811299,1.0745,0.01,12797.53041905,9966.69585955,254041.45341888
"442",2017-11-08 00:24:40,811200,811120,811299,1.0745,0.01,12795.13041831,9966.69585955,254040.37761888
"443",2017-11-08 00:24:41,811299,811299,811355,1.94,0.02389098,12805.00141905,9965.90224005,254042.07656888
"444",2017-11-08 00:24:42,811455,811299,811455,1.94,0.00793737,12804.19341929,9964.22434164,254041.58339778
"445",2017-11-08 00:24:43,811855,811502,811528,0.0542,0.6,12808.18661929,9955.12434164,254044.5813979
"446",2017-11-08 00:24:44,811855,811502,811521,0.0542,0.005,12810.98661831,9954.67934412,254035.57581508
"447",2017-11-08 00:24:45,811855,811502,811521,0.0542,0.005,12808.45661855,9942.4833414,254031.8823979
"448",2017-11-08 00:24:46,811855,811503,811785,7,0.0287,12824.00741953,9950.76134289,254031.57081508
"449",2017-11-08 00:24:47,811855,811504,811852,0.6,1.44,12828.63781953,9951.47374289,254028.43476508
"450",2017-11-08 00:24:48,811852,811504,811780,0.6,0.005,12834.34981977,9951.44874314,254025.58076508
"451",2017-11-08 00:24:50,811925,811505,811925,7,7.81493695,12832.73981879,9936.31874314,254019.62760833
"452",2017-11-08 00:24:51,811505,811780,811925,1,7.81493695,12834.26771873,9946.4803424,254017.14055839
"453",2017-11-08 00:24:52,811925,811780,811851,0.95,1.20000099,12825.61384489,9966.35134438,254019.82639402
"454",2017-11-08 00:24:53,811925,811781,811827,7.5234,0.01,12832.77734489,9976.07994587,254010.15075923
"455",2017-11-08 00:24:54,811781,811785,811827,0.005,0.01,12828.25134465,9977.73094537,253998.16999097
"456",2017-11-08 00:24:55,811781,811785,811827,0.005,0.01,12812.65134416,9985.96089244,253985.06799097
"457",2017-11-08 00:24:56,811781,811786,811827,7,0.01,12827.29901879,9949.02388848,253971.30622463
"458",2017-11-08 00:24:57,811827,811786,811827,6.9,0.2,12836.94394562,9936.37848996,253962.96513703
"459",2017-11-08 00:24:58,811827,811786,811850,6.9,1.12,12835.74394513,9936.65449095,253958.93138678
"460",2017-11-08 00:24:59,811827,811791,811850,0.005,0.5,12835.99894587,9930.50859095,253956.72494759
"461",2017-11-08 00:25:00,811827,811827,811850,0.39850083,0.5,12829.49744596,9919.11958897,253948.95644676
"462",2017-11-08 00:25:01,811827,811828,811850,7.6,0.5,12836.69444596,9924.54359243,253946.93924711
"463",2017-11-08 00:25:02,811827,811828,811850,7,0.5,12836.69444645,9924.12359243,253944.81894711
"464",2017-11-08 00:25:03,811924,811921,811924,0.0945,1.77800345,12837.93794596,9921.91154794,253945.34094711
"465",2017-11-08 00:25:05,811921,811833,811921,0.005,4.9015,12816.23854294,9925.11774284,253942.12049755
"466",2017-11-08 00:25:06,811830,811830,811921,6.685,4.9015,12813.29854367,9924.19164185,253942.44049755
"467",2017-11-08 00:25:07,811830,811919,811921,1,4.9015,12806.82054416,9926.04063939,253941.31049755
"468",2017-11-08 00:25:08,811919,811920,811925,7,3.64793612,12812.05054426,9917.91113831,253946.02899838
"469",2017-11-08 00:25:09,811920,811920,811925,6.64,3.59793612,12812.29054475,9914.98723856,253946.07294909
"470",2017-11-08 00:25:10,811925,811921,811925,0.6,3.25793612,12813.29154426,9924.34543955,253944.83094911
"471",2017-11-08 00:25:11,811827,811781,811800,0.01,0.73149917,12773.6485427,9921.69173798,253934.17944994
"472",2017-11-08 00:25:12,811827,811781,811799,0.01,1.4972,12781.55321611,9919.47493773,253933.62269994
"473",2017-11-08 00:25:13,811827,811781,811799,0.01,1.4972,12786.41774125,9929.322997,253928.10269994
"474",2017-11-08 00:25:14,811781,811780,811781,0.95,0.0075,12833.73394467,9929.14363677,253910.85495829
"475",2017-11-08 00:25:15,811781,811780,811781,0.95,0.0075,12834.9575938,9928.99363677,253910.85495829
"476",2017-11-08 00:25:16,811781,811780,811781,0.95,0.0075,12835.4022938,9929.57663677,253910.18270857
"477",2017-11-08 00:25:17,811300,811400,811500,10,1.136,12867.87271782,9929.74523677,253909.13415857
"478",2017-11-08 00:25:18,811400,811425,811919,0.01,0.00149897,12879.68630855,9952.87773809,253911.08278774
"479",2017-11-08 00:25:19,811400,811400,811499,7.56250083,1.0895,12878.01821865,9952.74723784,253862.00278774
"480",2017-11-08 00:25:20,811400,811325,811499,0.49,1.0895,12870.05571782,9958.69844035,253862.00278774
"481",2017-11-08 00:25:21,810900,810900,811498,1.81500049,2.28710085,12866.26361856,9930.8852407,253869.00278774
"482",2017-11-08 00:25:22,811321,811321,811498,1.8,2.28710085,12887.57661832,9931.52524193,253873.11218774
"483",2017-11-08 00:25:23,811321,811321,811384,1.796,0.01,12896.14461688,9939.03320251,253870.59005362
"484",2017-11-08 00:25:24,811312,810900,811312,1.51500049,0.55400371,12896.44961928,9942.741451,253864.43605362
"485",2017-11-08 00:25:25,811312,811301,811321,0.31,0.5959,12890.95891928,9936.80714606,253863.95305362
"486",2017-11-08 00:25:26,811312,811301,811321,0.31,0.5959,12887.42691928,9921.92704323,253861.72805362
"487",2017-11-08 00:25:27,811312,810902,811286,7,0.01,12894.11691928,9936.76704496,253860.54978318
"488",2017-11-08 00:25:28,810902,810902,811286,3.4,0.532,12889.71691879,9935.22904571,253849.30093766
"489",2017-11-08 00:25:29,811286,810902,811286,0.31,0.452,12881.38301977,9936.04814571,253853.82380304
"490",2017-11-08 00:25:30,810641,810641,811250,0.52130294,0.019,12875.76301953,9931.33124472,253849.85523304
"491",2017-11-08 00:25:31,810640,810903,811250,7,0.019,12893.58981928,9945.70304486,253848.31918304
"492",2017-11-08 00:25:32,811320,810927,811285,0.532,0.6,12892.82701928,9944.63804462,253849.31918304
"493",2017-11-08 00:25:33,810903,811101,811285,0.01,1.55010026,12892.25021977,9930.51804339,253851.15398278
"494",2017-11-08 00:25:35,811101,810641,811000,1.80000147,0.012,12886.46502026,9935.83074339,253842.60085902
"495",2017-11-08 00:25:36,811101,810641,811000,8.80000147,0.012,12900.86141952,9953.40194387,253842.09980902
"496",2017-11-08 00:25:37,811000,811000,811284,2.588,0.6,12899.16692002,9947.78494387,253836.99080902
"497",2017-11-08 00:25:38,811285,811000,811285,2.588,2.6,12918.20592002,9940.88494313,253831.98930925
"498",2017-11-08 00:25:39,811320,811000,811320,2.58979906,0.49,12920.7697184,9952.27219752,253823.07627869
"499",2017-11-08 00:25:40,811001,811001,811320,0.58479974,1.49,12907.81701642,9939.62459664,253820.27485269
"500",2017-11-08 00:25:41,811320,811001,811319,0.58479974,0.60000074,12908.1290169,9937.76459738,253808.28085269
"501",2017-11-08 00:25:42,811000,811002,811319,7,0.60000074,12913.89701812,9949.96259812,253808.18978269
"502",2017-11-08 00:25:43,811320,811003,811320,0.58479974,0.07800074,12909.98181889,9948.92659812,253808.89578269
"503",2017-11-08 00:25:44,811004,811004,811314,6.95,0.005,12920.84701965,9950.98159837,253806.12628269
"504",2017-11-08 00:25:45,811004,811004,811314,6.95,0.005,12945.53902014,9950.28159837,253804.58535269
"505",2017-11-08 00:25:46,811004,811005,811314,0.4714,0.005,12950.80841916,9956.73989936,253764.55815304
"506",2017-11-08 00:25:47,811004,811005,811318,0.4714,0.6,13032.38917003,9957.49849986,253763.12710304
"507",2017-11-08 00:25:48,811004,811005,811313,0.7614,0.005,13030.25616905,9956.60449996,253761.64010304
"508",2017-11-08 00:25:49,811644,811006,811314,1.095,0.05,13035.48146891,9940.57269971,253765.54394962
"509",2017-11-08 00:25:50,811644,811007,811314,0.32,0.05,13034.52403767,9952.37269996,253764.54115006
"510",2017-11-08 00:25:51,811643,811012,811643,1,4.75000099,13030.0980389,9945.82269996,253760.34909862
"511",2017-11-08 00:25:52,811643,811012,811643,1,3.2909226,13025.5980389,9944.37762157,253739.35909718
"512",2017-11-08 00:25:53,811643,811012,811397,1,0.6,13025.59803866,9949.60512008,253739.24149828
"513",2017-11-08 00:25:54,812009,811780,811826,0.005,0.6000005,13022.66203841,9942.25462157,253739.9460283
"514",2017-11-08 00:25:55,811780,811013,811826,0.32,3.00000124,13022.07103841,9954.55462157,253736.36802734
"515",2017-11-08 00:25:56,811870,811014,811179,1.4167,0.01,13036.49143845,9951.33126473,253742.27492734
"516",2017-11-08 00:25:57,811870,811826,811870,0.6,1.10000124,13045.48873894,9953.15126399,253738.72182734
"517",2017-11-08 00:25:58,811870,811407,811865,0.005,0.005,13037.81412909,9951.75426369,253735.44437734
"518",2017-11-08 00:25:59,811949,811827,811949,1.2,0.30500223,13026.89412786,9959.28326394,253737.54330734
"519",2017-11-08 00:26:00,812010,811827,811899,0.15,7,13033.04412761,9959.26926394,253742.19840734
"520",2017-11-08 00:26:01,812010,811407,812010,0.005,3.66380223,13025.49373722,9947.61206394,253751.43063612
"521",2017-11-08 00:26:02,812050,812050,812055,1.01299781,3,13019.47482567,9928.97006101,253751.78763734
"522",2017-11-08 00:26:03,812055,812050,812055,3.01299781,3.45,13017.61952567,9931.09276304,253750.02885953
"523",2017-11-08 00:26:04,812050,812050,812054,1.00299781,0.045,13023.45662665,9922.0757623,253753.60785953
"524",2017-11-08 00:26:05,812055,811410,812055,7,0.7818,13031.13852982,9916.9625618,253753.49215734
"525",2017-11-08 00:26:06,812055,811600,812055,0.02,0.1318,13028.47632887,9932.14256378,253754.35055734
"526",2017-11-08 00:26:07,812240,812000,812230,0.3,9,13029.58943799,9950.48306724,253763.15055734
"527",2017-11-08 00:26:08,812230,812000,812230,0.245,4.999,13020.79942765,9946.30206724,253762.47755734
"528",2017-11-08 00:26:09,812230,812000,812230,0.245,2.999,13008.64552765,9944.30206724,253757.46650734
"529",2017-11-08 00:26:10,812500,812450,812500,8.3712,4.19000272,13023.66592731,9926.373267,253772.22286748
"530",2017-11-08 00:26:11,812474,812450,812474,8.3712,0.029,13017.92592731,9883.91976725,253770.73386748
"531",2017-11-08 00:26:12,812500,812450,812500,8.2712,1.18400272,13028.22402829,9880.38726675,253761.63386748
"532",2017-11-08 00:26:13,812450,812455,812500,0.005,1.18400272,13035.23902854,9883.18726774,253756.23207258
"533",2017-11-08 00:26:14,812450,812451,812500,0.5362,1.18400272,13018.7652278,9882.61976724,253751.33102258
"534",2017-11-08 00:26:15,812500,812451,812490,7,0.0735,13036.53752731,9882.12826848,253749.5760216
"535",2017-11-08 00:26:16,812450,812455,812500,3,0.19920272,12954.4512283,9880.08196848,253757.4102516
"536",2017-11-08 00:26:18,812500,812500,812524,0.01,0.02,12983.42005286,9893.17516798,253749.7529213
"537",2017-11-08 00:26:19,812500,812456,812474,0.6,0.42,12981.22005213,9883.72516798,253739.60084846
"538",2017-11-08 00:26:20,812456,812456,812474,0.3,0.42,12980.92005213,9883.72516798,253737.83594772
"539",2017-11-08 00:26:21,812720,812456,812720,0.3,15.33759667,12970.30835323,9871.39926391,253746.85916755
"540",2017-11-08 00:26:22,812500,812455,812500,2.7762,1.97,12987.47263951,9871.55526243,253745.34219113
"541",2017-11-08 00:26:23,812455,812455,812500,2.3012,1.72,12986.87735519,9871.52926119,253735.94319113
"542",2017-11-08 00:26:24,812455,812455,812500,2.3012,1.72,12982.90435224,9878.69686262,253734.04112113
"543",2017-11-08 00:26:25,812500,812450,812614,3.8674,0.05,12971.33255219,9876.77686163,253740.66112113
"544",2017-11-08 00:26:26,812390,812500,812614,1.0046,0.05,13036.60003789,9875.73076287,253747.44122196
"545",2017-11-08 00:26:27,812390,812386,812614,0.039,0.05,13046.01115357,9882.54386337,253745.95789196
"546",2017-11-08 00:26:28,812390,812386,812440,0.039,0.08,13050.63393495,9855.55976447,253745.66689196
"547",2017-11-08 00:26:29,812490,812386,812490,0.038,2.58,13055.18885063,9857.98586472,253746.51674196
"548",2017-11-08 00:26:30,812490,812386,812490,0.038,1.58,13041.75335112,9857.20586472,253747.51874164
"549",2017-11-08 00:26:31,812490,812386,812490,0.038,1.58,13052.88435234,9848.45379477,253746.32394164
"550",2017-11-08 00:26:32,812490,812400,812490,3.2,1.55199898,13048.98505161,9842.01349301,253742.04786806
"551",2017-11-08 00:26:33,812608,812608,812614,1.55430102,0.05,13059.4369536,9849.56779452,253744.52589704
"552",2017-11-08 00:26:34,812608,812608,812614,1.05430102,0.05,13067.0123536,9855.56779527,253744.40589679
"553",2017-11-08 00:26:35,812608,812400,812499,3.1666,3.20509937,13058.03165332,9874.13819332,253745.23019781
"554",2017-11-08 00:26:36,812608,812400,812499,3.1666,3.20509937,13053.23165218,9873.51819332,253744.72019781
"555",2017-11-08 00:26:37,812608,812400,812498,3.1666,0.3737,13058.63165316,9875.13129332,253735.71019781
"556",2017-11-08 00:26:38,812400,812000,812400,38.45031568,0.3814,13017.65645316,9878.63479332,253768.56501174
"557",2017-11-08 00:26:39,812000,812000,812450,22.72491568,0.02,13001.04845316,9887.78850974,253778.92741174
"558",2017-11-08 00:26:40,811390,811390,812000,11.6400022,11,12963.00643857,9889.36530938,253766.58713415
"559",2017-11-08 00:26:41,811390,811903,812000,0.01,11.02,12962.21644028,9880.1575937,253770.78713343
"560",2017-11-08 00:26:42,811682,811581,811681,0.002,9.49,12952.07944052,9904.1004107,253764.38909131
"561",2017-11-08 00:26:43,811390,811390,811680,2.94200391,4.54719937,12959.16753845,9894.26268072,253754.8490898
"562",2017-11-08 00:26:44,811390,811390,811680,7.14200391,5.04719937,12964.26854074,9894.73518196,253750.2317138
"563",2017-11-08 00:26:45,811390,811390,811676,0.780799,0.005,12957.90733583,9897.50246851,253757.04082019
"564",2017-11-08 00:26:46,811250,811250,811281,0.76282,0.4,12973.68005534,9896.8303658,253738.48632099
"565",2017-11-08 00:26:47,811680,811420,811564,1,0.545,12979.18195585,9896.88762452,253737.11910492
"566",2017-11-08 00:26:49,811420,811448,811492,0.0299,0.1,13011.33715808,9902.20142159,253713.0253696
"567",2017-11-08 00:26:50,811420,811448,811492,0.0299,0.1,13011.81175759,9897.1786216,253703.6668696
"568",2017-11-08 00:26:51,811421,811421,811448,0.9936,0.5,13014.42085832,9900.67862234,253695.7560396
"569",2017-11-08 00:26:52,811421,811421,811448,0.9936,0.52,13014.50075832,9884.52992165,253684.54523715
"570",2017-11-08 00:26:53,811563,811421,811447,0.9936,0.3011,13008.97085734,9901.9899214,253672.78501751
"571",2017-11-08 00:26:54,811491,811421,811491,0.9936,0.1011,13012.00085734,9909.16682302,253669.49808297
"572",2017-11-08 00:26:55,811546,811441,811564,0.4,0.545,13011.20725808,9913.70172178,253669.62289683
"573",2017-11-08 00:26:56,811400,811400,811989,2.52498383,0.015,13011.53923985,9916.06606341,253675.97761301
"574",2017-11-08 00:26:57,811500,811500,811981,6.94080146,0.78282,13019.00775699,9901.11988529,253678.25469155
"575",2017-11-08 00:26:58,811500,811500,811679,4.88080146,0.35,13026.64639242,9913.0218845,253674.22359155
"576",2017-11-08 00:26:59,811500,811500,811679,2.88080146,0.33,12985.56749242,9875.66388475,253676.24359155
"577",2017-11-08 00:27:01,811679,811501,811976,1.8211,0.005,12883.56779242,9806.37658464,253675.14359155
"578",2017-11-08 00:27:02,811501,811600,811981,0.1,0.78282,12882.44669242,9803.8075839,253674.47329155
"579",2017-11-08 00:27:03,811501,811501,811981,0.15279901,0.78282,12869.40047142,9804.24458489,253675.30242254
"580",2017-11-08 00:27:04,811501,811501,811502,0.14279901,0.5,12869.39047142,9804.94861575,253645.31242254
"581",2017-11-08 00:27:05,811502,811502,811765,0.4011,0.01,12872.47667044,9810.06501649,253645.41132254
"582",2017-11-08 00:27:06,811600,811600,811765,0.80030073,0.01,12882.59307215,9818.34501599,253641.50822254
"583",2017-11-08 00:27:07,811600,811502,811522,0.00179916,0.44060001,12872.48137132,9820.77211655,253641.58614727
"584",2017-11-08 00:27:08,811600,811502,811522,0.00179916,0.44060001,12871.98237132,9814.68711655,253637.25009656
"585",2017-11-08 00:27:09,811500,811500,811522,2.77749963,0.44060001,12857.65237108,9813.3416163,253635.62322327
"586",2017-11-08 00:27:10,811400,811400,811517,2.05656345,0.005,12851.89237108,9816.41731537,253641.88695321
"587",2017-11-08 00:27:11,811400,811000,811400,4.31538345,1.7,12843.25437084,9817.3815153,253639.62835321
"588",2017-11-08 00:27:12,811001,811001,811294,2.1237,7,12849.93007108,9815.8565153,253639.6422456
"589",2017-11-08 00:27:13,811001,811225,811294,0.01,7,12878.54656985,9880.92533063,253639.33442358
"590",2017-11-08 00:27:14,811293,811225,811293,0.01,0.8115,12871.97286911,9876.45361409,253632.62742334
"591",2017-11-08 00:27:15,811000,811002,811293,1.9637,1.6715,12882.76756935,9859.69361384,253628.35971874
"592",2017-11-08 00:27:16,811289,811000,811289,31.51538345,0.001,12888.40386959,9851.63461384,253629.72578897
"593",2017-11-08 00:27:17,811289,811001,811292,0.2,0.32,12880.57602972,9867.22361434,253627.22973897
"594",2017-11-08 00:27:18,811000,811001,811120,0.3,0.01,12872.57772923,9863.82218328,253635.15103897
"595",2017-11-08 00:27:19,811000,811000,811001,21.40708345,0.1491,12874.4329069,9859.78478278,253637.66103897
"596",2017-11-08 00:27:20,811001,811000,811001,9.90708345,0.0491,12862.9329069,9855.5390838,253644.25103897
"597",2017-11-08 00:27:22,810881,810541,810881,5.481,0.6215,12875.89782443,9854.76526875,253658.53142313
"598",2017-11-08 00:27:23,810541,810541,810881,5.477,1.2515,12892.71892369,9831.91326868,253657.73542313
"599",2017-11-08 00:27:24,810881,810546,810881,0.01195369,0.2826,13031.02074747,9819.26673134,253658.01542313
"600",2017-11-08 00:27:25,810542,810542,810881,0.2485,0.24970034,13032.14794649,9819.58383168,253650.49086558
